archive,station,component,parameter,rerun,tracked,rel_diff
ngl,00NA,east,a1,-0.000161611,-0.000161611,0
ngl,00NA,east,a2,0.000339651,0.000339651,0
ngl,00NA,east,b1,-0.00195494,-0.00195494,0
ngl,00NA,east,b2,-0.000262788,-0.000262788,0
ngl,00NA,east,c,0.832293,0.832293,0
ngl,00NA,east,v,0.0364939,0.0364939,0
ngl,00NA,north,a1,-0.00151811,-0.00151811,0
ngl,00NA,north,a2,-0.000828942,-0.000828942,0
ngl,00NA,north,b1,0.00115816,0.00115816,0
ngl,00NA,north,b2,-0.000471578,-0.000471578,0
ngl,00NA,north,c,-0.285779,-0.285779,0
ngl,00NA,north,v,0.0594698,0.0594698,0
ngl,00NA,up,a1,-0.00214763,-0.00214763,0
ngl,00NA,up,a2,-0.000151908,-0.000151908,0
ngl,00NA,up,b1,0.000763997,0.000763997,0
ngl,00NA,up,b2,0.0007493,0.0007493,0
ngl,00NA,up,c,0.852939,0.852939,0
ngl,00NA,up,v,-0.000793186,-0.000793186,0
ngl,01NA,east,a1,0.000180148,0.000180148,0
ngl,01NA,east,a2,0.000132375,0.000132375,0
ngl,01NA,east,b1,-0.00202298,-0.00202298,0
ngl,01NA,east,b2,-0.000365891,-0.000365891,0
ngl,01NA,east,c,-0.721554,-0.721554,0
ngl,01NA,east,v,0.0353353,0.0353353,0
ngl,01NA,north,a1,-0.000817883,-0.000817883,0
ngl,01NA,north,a2,-0.00090544,-0.00090544,0
ngl,01NA,north,b1,0.00132058,0.00132058,0
ngl,01NA,north,b2,-9.87615e-05,-9.87615e-05,0
ngl,01NA,north,c,-0.762548,-0.762548,0
ngl,01NA,north,v,0.0590691,0.0590691,0
ngl,01NA,up,a1,-0.00234464,-0.00234464,0
ngl,01NA,up,a2,2.9775e-05,2.9775e-05,0
ngl,01NA,up,b1,-3.05357e-05,-3.05357e-05,0
ngl,01NA,up,b2,0.00163467,0.00163467,0
ngl,01NA,up,c,0.398356,0.398356,0
ngl,01NA,up,v,-0.00345754,-0.00345754,0
ngl,02NA,east,a1,6.26881e-05,6.26881e-05,0
ngl,02NA,east,a2,0.000632642,0.000632642,0
ngl,02NA,east,b1,0.001058,0.001058,0
ngl,02NA,east,b2,-0.000283423,-0.000283423,0
ngl,02NA,east,c,-0.223829,-0.223829,0
ngl,02NA,east,v,0.0361678,0.0361678,0
ngl,02NA,north,a1,0.000827553,0.000827553,0
ngl,02NA,north,a2,-0.00106858,-0.00106858,0
ngl,02NA,north,b1,-0.000680469,-0.000680469,0
ngl,02NA,north,b2,-0.000830533,-0.000830533,0
ngl,02NA,north,c,-0.141212,-0.141212,0
ngl,02NA,north,v,0.0592998,0.0592998,0
ngl,02NA,up,a1,0.00370631,0.00370631,0
ngl,02NA,up,a2,-9.30706e-05,-9.30706e-05,0
ngl,02NA,up,b1,0.00253339,0.00253339,0
ngl,02NA,up,b2,0.000708156,0.000708156,0
ngl,02NA,up,c,0.658606,0.658606,0
ngl,02NA,up,v,-0.00159016,-0.00159016,0
ngl,0ABI,east,a1,0.00192324,0.00192324,0
ngl,0ABI,east,a2,-8.37086e-06,-8.37086e-06,0
ngl,0ABI,east,b1,-0.00123983,-0.00123983,0
ngl,0ABI,east,b2,-0.000254266,-0.000254266,0
ngl,0ABI,east,c,0.0497526,0.0497526,0
ngl,0ABI,east,v,0.0151987,0.0151987,0
ngl,0ABI,north,a1,-0.000269339,-0.000269339,0
ngl,0ABI,north,a2,0.000627296,0.000627296,0
ngl,0ABI,north,b1,0.000309515,0.000309515,0
ngl,0ABI,north,b2,-2.54156e-05,-2.54156e-05,0
ngl,0ABI,north,c,0.375635,0.375635,0
ngl,0ABI,north,v,0.0149351,0.0149351,0
ngl,0ABI,up,a1,0.000149656,0.000149656,0
ngl,0ABI,up,a2,-0.00032298,-0.00032298,0
ngl,0ABI,up,b1,0.00653978,0.00653978,0
ngl,0ABI,up,b2,0.00177588,0.00177588,0
ngl,0ABI,up,c,0.323438,0.323438,0
ngl,0ABI,up,v,0.00550101,0.00550101,0
ngl,0ABN,east,a1,0.00221504,0.00221504,0
ngl,0ABN,east,a2,-2.04221e-06,-2.04221e-06,0
ngl,0ABN,east,b1,0.00160307,0.00160307,0
ngl,0ABN,east,b2,5.91729e-05,5.91729e-05,0
ngl,0ABN,east,c,0.320072,0.320072,0
ngl,0ABN,east,v,0.0153106,0.0153106,0
ngl,0ABN,north,a1,-0.000931737,-0.000931737,0
ngl,0ABN,north,a2,-0.000292028,-0.000292028,0
ngl,0ABN,north,b1,-0.00145298,-0.00145298,0
ngl,0ABN,north,b2,0.000287507,0.000287507,0
ngl,0ABN,north,c,0.367252,0.367252,0
ngl,0ABN,north,v,0.0165051,0.0165051,0
ngl,0ABN,up,a1,-0.00458858,-0.00458858,0
ngl,0ABN,up,a2,-0.00117952,-0.00117952,0
ngl,0ABN,up,b1,0.00527349,0.00527349,0
ngl,0ABN,up,b2,-0.00088931,-0.00088931,0
ngl,0ABN,up,c,0.761392,0.761392,0
ngl,0ABN,up,v,0.00800427,0.00800427,0
isd,01001099999,TMP,a1,-4.49829,-4.49829,0
isd,01001099999,TMP,a2,0.809817,0.809817,0
isd,01001099999,TMP,b1,-2.78681,-2.78681,0
isd,01001099999,TMP,b2,1.51585,1.51585,0
isd,01001099999,TMP,c,0.314104,0.314104,0
isd,01001099999,TMP,v,0.00234686,0.00234686,0
isd,01001499999,TMP,a1,-6.61783,-6.61783,0
isd,01001499999,TMP,a2,-0.41379,-0.41379,0
isd,01001499999,TMP,b1,-1.40149,-1.40149,0
isd,01001499999,TMP,b2,0.0693505,0.0693505,0
isd,01001499999,TMP,c,8.346,8.346,0
isd,01001499999,TMP,v,0.00767784,0.00767784,0
isd,01002099999,TMP,a1,-7.32469,-7.32469,0
isd,01002099999,TMP,a2,1.81327,1.81327,0
isd,01002099999,TMP,b1,-5.93023,-5.93023,0
isd,01002099999,TMP,b2,1.6009,1.6009,0
isd,01002099999,TMP,c,-4.91582,-4.91582,0
isd,01002099999,TMP,v,0.00511673,0.00511673,0
