sta,component,n,span,order,score,coverage,gram_cond,design_cond,gram_rebuild_err,gate,worst_param,v_image,v_raw,archive,station,year,field,day_score,n_days_checked,amp_image,amp_raw
00NA,east,3185,10.4969,100,2.56828e-11,5.42107e-12,2.2382e+14,14.0068,0,ok,b1,0.0364939,0.0364939,ngl,,,,,,,
00NA,north,3185,10.4969,100,2.40072e-11,5.42107e-12,2.2382e+14,14.0068,0,ok,b1,0.0594698,0.0594698,ngl,,,,,,,
00NA,up,3185,10.4969,100,3.79592e-10,5.42107e-12,2.2382e+14,14.0068,0,ok,b1,-0.000793186,-0.000793186,ngl,,,,,,,
01NA,east,2360,11.4743,108,5.04097e-10,2.35097e-12,1.34747e+18,12.182,0,ok,b2,0.0353353,0.0353353,ngl,,,,,,,
01NA,north,2360,11.4743,108,2.81047e-10,2.35097e-12,1.34747e+18,12.182,0,ok,a2,0.0590691,0.0590691,ngl,,,,,,,
01NA,up,2360,11.4743,108,9.53866e-10,2.35097e-12,1.34747e+18,12.182,0,ok,b2,-0.00345754,-0.00345754,ngl,,,,,,,
02NA,east,1913,8.2738,83,2.32626e-10,9.39619e-12,1.64849e+17,6.6624,0,ok,a1,0.0361678,0.0361678,ngl,,,,,,,
02NA,north,1913,8.2738,83,7.71045e-10,9.39619e-12,1.64849e+17,6.6624,0,ok,a2,0.0592998,0.0592998,ngl,,,,,,,
02NA,up,1913,8.2738,83,4.93759e-10,9.39619e-12,1.64849e+17,6.6624,0,ok,a2,-0.00159016,-0.00159016,ngl,,,,,,,
0ABI,east,6078,17.1965,154,9.79307e-14,1.20778e-11,327.97,19.9151,0,ok,a2,0.0151987,0.0151987,ngl,,,,,,,
0ABI,north,6078,17.1965,154,8.33962e-14,1.20778e-11,327.97,19.9151,0,ok,v,0.0149351,0.0149351,ngl,,,,,,,
0ABI,up,6078,17.1965,154,1.94096e-13,1.20778e-11,327.97,19.9151,0,ok,v,0.00550101,0.00550101,ngl,,,,,,,
0ABN,east,1206,3.3813,44,7.54843e-13,1.38724e-11,91.6976,4.73065,0,ok,b2,0.0153106,0.0153106,ngl,,,,,,,
0ABN,north,1206,3.3813,44,2.23319e-13,1.38724e-11,91.6976,4.73065,0,ok,a2,0.0165051,0.0165051,ngl,,,,,,,
0ABN,up,1206,3.3813,44,9.644e-13,1.38724e-11,91.6976,4.73065,0,ok,b2,0.00800427,0.00800427,ngl,,,,,,,
,,6039,,24,3.5328e-13,2.22551e-13,107.172,862.384,,ok,c,,,isd,01001099999,2024,TMP,7.93035e-14,1,5.29159,5.29159
,,6685,,24,3.35288e-12,2.22551e-13,90.7113,1042.1,,ok,b2,,,isd,01001499999,2024,TMP,,0,6.7646,6.7646
,,1356,,24,2.76013e-14,2.22551e-13,51.2159,936.061,,ok,b2,,,isd,01002099999,2024,TMP,,0,9.42436,9.42436
