dataset,method,cut,n_tail,nrmse_pct,status
Misra1a,nlls,9,5,0.710337,converged
Misra1a,legendre,9,5,0.739155,converged
Misra1a,block,9,5,,guard
DanWood,nlls,4,2,1.45275,converged
DanWood,legendre,4,2,1.45287,converged
DanWood,block,4,2,2.21227,converged
Chwirut2,nlls,35,19,0.664585,converged
Chwirut2,legendre,35,19,0.620301,converged
Chwirut2,block,35,19,2.80959,converged
Misra1c,nlls,9,5,0.312065,converged
Misra1c,legendre,9,5,0.295033,converged
Misra1c,block,9,5,,guard
Roszman1,nlls,16,9,4.94552,converged
Roszman1,legendre,16,9,1.96616,converged
Roszman1,block,16,9,,guard
MGH17,nlls,21,12,0.905919,converged
MGH17,legendre,21,12,0.448023,converged
MGH17,block,21,12,0.211288,converged
Rat42,nlls,6,3,3.38336,converged
Rat42,legendre,6,3,3.31538,converged
Rat42,block,6,3,19.0312,converged
BoxBOD,nlls,4,2,25.0877,converged
BoxBOD,legendre,4,2,,guard
BoxBOD,block,4,2,24.0788,converged
Eckerle4,nlls,23,12,0.178506,converged
Eckerle4,legendre,23,12,0.17998,converged
Eckerle4,block,23,12,0.302465,converged
MGH10,nlls,10,6,0.00486732,converged
MGH10,legendre,10,6,0.00379489,converged
MGH10,block,10,6,0.00556378,converged
