dataset,basis,order,order_for,cap,max_error_pct
Misra1a,legendre,2,2,8,0.0848017
Misra1a,legendre,3,2,8,0.000840615
Misra1a,legendre,4,2,8,2.56505e-05
Misra1a,legendre,5,2,8,1.14237e-07
Misra1a,legendre,6,2,8,4.52461e-09
Misra1a,legendre,7,2,8,7.52075e-09
Misra1a,legendre,8,2,8,7.47991e-09
Misra1a,block,2,2,8,3.19736
Misra1a,block,3,2,8,1.28631
Misra1a,block,4,2,8,0.789499
Misra1a,block,5,2,8,0.0226667
Misra1a,block,6,2,8,0.0348238
Misra1a,block,7,2,8,0.107928
Misra1a,block,8,2,8,0.0499407
Chwirut2,legendre,2,6,24,28.6214
Chwirut2,legendre,3,6,24,12.5188
Chwirut2,legendre,4,6,24,2.49815
Chwirut2,legendre,5,6,24,2.92879
Chwirut2,legendre,6,6,24,3.91616
Chwirut2,legendre,7,6,24,3.28918
Chwirut2,legendre,8,6,24,1.64291
Chwirut2,legendre,9,6,24,0.802882
Chwirut2,legendre,10,6,24,0.174241
Chwirut2,legendre,11,6,24,0.0380054
Chwirut2,legendre,12,6,24,0.000670516
Chwirut2,legendre,13,6,24,0.0135707
Chwirut2,legendre,14,6,24,0.0102911
Chwirut2,legendre,15,6,24,0.00471462
Chwirut2,legendre,16,6,24,0.00113982
Chwirut2,legendre,17,6,24,6.35033e-05
Chwirut2,legendre,18,6,24,0.000156126
Chwirut2,legendre,19,6,24,0.000140506
Chwirut2,legendre,20,6,24,0.000133194
Chwirut2,legendre,21,6,24,0.000127306
Chwirut2,legendre,22,6,24,0.000127297
Chwirut2,legendre,23,6,24,0.000127297
Chwirut2,legendre,24,6,24,0.000127297
Chwirut2,block,2,6,24,
Chwirut2,block,3,6,24,49.1561
Chwirut2,block,4,6,24,50.4587
Chwirut2,block,5,6,24,25.9233
Chwirut2,block,6,6,24,30.1252
Chwirut2,block,7,6,24,25.5068
Chwirut2,block,8,6,24,12.6882
Chwirut2,block,9,6,24,18.5908
Chwirut2,block,10,6,24,21.2571
Chwirut2,block,11,6,24,12.7048
Chwirut2,block,12,6,24,12.4535
Chwirut2,block,13,6,24,9.92155
Chwirut2,block,14,6,24,5.96014
Chwirut2,block,15,6,24,32.7839
Chwirut2,block,16,6,24,31.909
Chwirut2,block,17,6,24,33.2903
Chwirut2,block,18,6,24,28.9015
Chwirut2,block,19,6,24,32.5445
Chwirut2,block,20,6,24,31.8017
Chwirut2,block,21,6,24,31.8017
Chwirut2,block,22,6,24,2.09998
Chwirut2,block,23,6,24,2.13157
Chwirut2,block,24,6,24,2.13157
Roszman1,legendre,2,4,16,
Roszman1,legendre,3,4,16,15.7762
Roszman1,legendre,4,4,16,15.153
Roszman1,legendre,5,4,16,0.844997
Roszman1,legendre,6,4,16,0.255109
Roszman1,legendre,7,4,16,0.0104574
Roszman1,legendre,8,4,16,0.0520692
Roszman1,legendre,9,4,16,0.00441648
Roszman1,legendre,10,4,16,0.00190654
Roszman1,legendre,11,4,16,0.00287002
Roszman1,legendre,12,4,16,0.000799763
Roszman1,legendre,13,4,16,0.000339986
Roszman1,legendre,14,4,16,0.000324401
Roszman1,legendre,15,4,16,0.00032673
Roszman1,legendre,16,4,16,0.000326498
Roszman1,block,2,4,16,
Roszman1,block,3,4,16,
Roszman1,block,4,4,16,43.5155
Roszman1,block,5,4,16,128.551
Roszman1,block,6,4,16,53.1486
Roszman1,block,7,4,16,29.469
Roszman1,block,8,4,16,29.469
Roszman1,block,9,4,16,17.4194
Roszman1,block,10,4,16,22.5676
Roszman1,block,11,4,16,22.5676
Roszman1,block,12,4,16,9.93874
Roszman1,block,13,4,16,10.4884
Roszman1,block,14,4,16,10.4884
Roszman1,block,15,4,16,10.4884
Roszman1,block,16,4,16,10.4884
