stage,family,noise,grid,outliers,n,err
S0_nlls,arctan,0.01,uniform,0,200,0.00256438
S0_nlls,arctan,0.05,clustered,0,200,0.0140302
S0_nlls,arctan,0.05,random,0,200,0.0146466
S0_nlls,arctan,0.05,uniform,0,50,0.0299733
S0_nlls,arctan,0.05,uniform,0,200,0.0129592
S0_nlls,arctan,0.05,uniform,0,1000,0.00626274
S0_nlls,arctan,0.05,uniform,0.05,200,0.0234225
S0_nlls,arctan,0.05,uniform,0.1,200,0.0502833
S0_nlls,arctan,0.05,uniform,0.2,200,0.0631636
S0_nlls,arctan,0.1,uniform,0,200,0.0262946
S0_nlls,arctan,0.3,uniform,0,200,0.0846284
S0_nlls,damped_sine,0.01,uniform,0,200,0.00324305
S0_nlls,damped_sine,0.05,clustered,0,200,0.00823161
S0_nlls,damped_sine,0.05,random,0,200,0.0131166
S0_nlls,damped_sine,0.05,uniform,0,50,0.0278082
S0_nlls,damped_sine,0.05,uniform,0,200,0.016015
S0_nlls,damped_sine,0.05,uniform,0,1000,0.00473667
S0_nlls,damped_sine,0.05,uniform,0.05,200,0.0324846
S0_nlls,damped_sine,0.05,uniform,0.1,200,0.0340477
S0_nlls,damped_sine,0.05,uniform,0.2,200,0.0493765
S0_nlls,damped_sine,0.1,uniform,0,200,0.0316092
S0_nlls,damped_sine,0.3,uniform,0,200,0.0955928
S0_nlls,exp_decay,0.01,uniform,0,200,0.00174029
S0_nlls,exp_decay,0.05,clustered,0,200,0.00598178
S0_nlls,exp_decay,0.05,random,0,200,0.00631537
S0_nlls,exp_decay,0.05,uniform,0,50,0.0174792
S0_nlls,exp_decay,0.05,uniform,0,200,0.0088039
S0_nlls,exp_decay,0.05,uniform,0,1000,0.00452571
S0_nlls,exp_decay,0.05,uniform,0.05,200,0.0170088
S0_nlls,exp_decay,0.05,uniform,0.1,200,0.0239364
S0_nlls,exp_decay,0.05,uniform,0.2,200,0.0326064
S0_nlls,exp_decay,0.1,uniform,0,200,0.0178725
S0_nlls,exp_decay,0.3,uniform,0,200,0.054875
S0_nlls,gauss_peak,0.01,uniform,0,200,0.000802153
S0_nlls,gauss_peak,0.05,clustered,0,200,0.00590179
S0_nlls,gauss_peak,0.05,random,0,200,0.00470451
S0_nlls,gauss_peak,0.05,uniform,0,50,0.0110305
S0_nlls,gauss_peak,0.05,uniform,0,200,0.00403441
S0_nlls,gauss_peak,0.05,uniform,0,1000,0.00172183
S0_nlls,gauss_peak,0.05,uniform,0.05,200,0.0101871
S0_nlls,gauss_peak,0.05,uniform,0.1,200,0.00955102
S0_nlls,gauss_peak,0.05,uniform,0.2,200,0.029679
S0_nlls,gauss_peak,0.1,uniform,0,200,0.00812141
S0_nlls,gauss_peak,0.3,uniform,0,200,0.0242018
S0_nlls,logistic,0.01,uniform,0,200,0.00116412
S0_nlls,logistic,0.05,clustered,0,200,0.0092398
S0_nlls,logistic,0.05,random,0,200,0.00880531
S0_nlls,logistic,0.05,uniform,0,50,0.0145943
S0_nlls,logistic,0.05,uniform,0,200,0.00586735
S0_nlls,logistic,0.05,uniform,0,1000,0.0035682
S0_nlls,logistic,0.05,uniform,0.05,200,0.020004
S0_nlls,logistic,0.05,uniform,0.1,200,0.0209093
S0_nlls,logistic,0.05,uniform,0.2,200,0.0289768
S0_nlls,logistic,0.1,uniform,0,200,0.0118415
S0_nlls,logistic,0.3,uniform,0,200,0.03843
S0_nlls,michaelis_menten,0.01,uniform,0,200,0.00294325
S0_nlls,michaelis_menten,0.05,clustered,0,200,0.0152251
S0_nlls,michaelis_menten,0.05,random,0,200,0.0181703
S0_nlls,michaelis_menten,0.05,uniform,0,50,0.0344983
S0_nlls,michaelis_menten,0.05,uniform,0,200,0.0147072
S0_nlls,michaelis_menten,0.05,uniform,0,1000,0.00805541
S0_nlls,michaelis_menten,0.05,uniform,0.05,200,0.0377575
S0_nlls,michaelis_menten,0.05,uniform,0.1,200,0.051891
S0_nlls,michaelis_menten,0.05,uniform,0.2,200,0.0932212
S0_nlls,michaelis_menten,0.1,uniform,0,200,0.0293836
S0_nlls,michaelis_menten,0.3,uniform,0,200,0.0875039
S0_nlls,power_law,0.01,uniform,0,200,0.00259025
S0_nlls,power_law,0.05,clustered,0,200,0.0170523
S0_nlls,power_law,0.05,random,0,200,0.0156541
S0_nlls,power_law,0.05,uniform,0,50,0.0210938
S0_nlls,power_law,0.05,uniform,0,200,0.0129577
S0_nlls,power_law,0.05,uniform,0,1000,0.00817056
S0_nlls,power_law,0.05,uniform,0.05,200,0.0267937
S0_nlls,power_law,0.05,uniform,0.1,200,0.0361828
S0_nlls,power_law,0.05,uniform,0.2,200,0.0509882
S0_nlls,power_law,0.1,uniform,0,200,0.0259338
S0_nlls,power_law,0.3,uniform,0,200,0.0780809
S0_nlls,two_exp,0.01,uniform,0,200,0.0152661
S0_nlls,two_exp,0.05,clustered,0,200,0.0687693
S0_nlls,two_exp,0.05,random,0,200,0.0681655
S0_nlls,two_exp,0.05,uniform,0,50,0.162607
S0_nlls,two_exp,0.05,uniform,0,200,0.0727821
S0_nlls,two_exp,0.05,uniform,0,1000,0.0280277
S0_nlls,two_exp,0.05,uniform,0.05,200,0.164567
S0_nlls,two_exp,0.05,uniform,0.1,200,0.260029
S0_nlls,two_exp,0.05,uniform,0.2,200,0.268317
S0_nlls,two_exp,0.1,uniform,0,200,0.140107
S0_nlls,two_exp,0.3,uniform,0,200,0.328736
S1_balance_book,exp_decay,0.01,uniform,0,200,0.383672
S1_balance_book,exp_decay,0.05,clustered,0,200,0.348094
S1_balance_book,exp_decay,0.05,random,0,200,0.391282
S1_balance_book,exp_decay,0.05,uniform,0,200,0.383529
S1_balance_book,exp_decay,0.05,uniform,0.05,200,0.384077
S1_balance_book,exp_decay,0.05,uniform,0.1,200,0.378135
S1_balance_book,exp_decay,0.05,uniform,0.2,200,0.36163
S1_balance_book,exp_decay,0.1,uniform,0,200,0.383344
S1_balance_book,exp_decay,0.3,uniform,0,200,0.382539
S1_balance_book,gauss_peak,0.01,uniform,0,200,1.5695
S1_balance_book,gauss_peak,0.05,clustered,0,200,1.48907
S1_balance_book,gauss_peak,0.05,random,0,200,1.62654
S1_balance_book,gauss_peak,0.05,uniform,0,200,1.57094
S1_balance_book,gauss_peak,0.05,uniform,0.05,200,1.57101
S1_balance_book,gauss_peak,0.05,uniform,0.1,200,1.57294
S1_balance_book,gauss_peak,0.05,uniform,0.2,200,1.49261
S1_balance_book,gauss_peak,0.1,uniform,0,200,1.57275
S1_balance_book,gauss_peak,0.3,uniform,0,200,1.57996
S1_balance_book,logistic,0.01,uniform,0,200,1
S1_balance_book,logistic,0.05,clustered,0,200,1
S1_balance_book,logistic,0.05,random,0,200,1
S1_balance_book,logistic,0.05,uniform,0,200,1
S1_balance_book,logistic,0.05,uniform,0.05,200,1
S1_balance_book,logistic,0.05,uniform,0.1,200,1
S1_balance_book,logistic,0.05,uniform,0.2,200,1
S1_balance_book,logistic,0.1,uniform,0,200,1
S1_balance_book,logistic,0.3,uniform,0,200,1
S1_balance_book,two_exp,0.01,uniform,0,200,8.24537
S1_balance_book,two_exp,0.05,clustered,0,200,8.7812
S1_balance_book,two_exp,0.05,random,0,200,8.39067
S1_balance_book,two_exp,0.05,uniform,0,200,8.23782
S1_balance_book,two_exp,0.05,uniform,0.05,200,8.56233
S1_balance_book,two_exp,0.05,uniform,0.1,200,8.37456
S1_balance_book,two_exp,0.05,uniform,0.2,200,9.75126
S1_balance_book,two_exp,0.1,uniform,0,200,8.30862
S1_balance_book,two_exp,0.3,uniform,0,200,8.33041
S2_balance_adequate,arctan,0.01,uniform,0,200,324.847
S2_balance_adequate,arctan,0.05,clustered,0,200,298.895
S2_balance_adequate,arctan,0.05,random,0,200,301.02
S2_balance_adequate,arctan,0.05,uniform,0,200,299.813
S2_balance_adequate,arctan,0.05,uniform,0.05,200,123.457
S2_balance_adequate,arctan,0.05,uniform,0.1,200,141.747
S2_balance_adequate,arctan,0.05,uniform,0.2,200,319.77
S2_balance_adequate,arctan,0.1,uniform,0,200,299.421
S2_balance_adequate,arctan,0.3,uniform,0,200,139.925
S2_balance_adequate,damped_sine,0.01,uniform,0,200,0.778216
S2_balance_adequate,damped_sine,0.05,clustered,0,200,0.809192
S2_balance_adequate,damped_sine,0.05,random,0,200,0.94499
S2_balance_adequate,damped_sine,0.05,uniform,0,200,0.920909
S2_balance_adequate,damped_sine,0.05,uniform,0.05,200,4.92849
S2_balance_adequate,damped_sine,0.05,uniform,0.1,200,4.91747
S2_balance_adequate,damped_sine,0.05,uniform,0.2,200,1.28014
S2_balance_adequate,damped_sine,0.1,uniform,0,200,1.39668
S2_balance_adequate,damped_sine,0.3,uniform,0,200,1.64051
S2_balance_adequate,exp_decay,0.01,uniform,0,200,0.0420227
S2_balance_adequate,exp_decay,0.05,clustered,0,200,0.0789883
S2_balance_adequate,exp_decay,0.05,random,0,200,0.0883345
S2_balance_adequate,exp_decay,0.05,uniform,0,200,0.0854826
S2_balance_adequate,exp_decay,0.05,uniform,0.05,200,0.159276
S2_balance_adequate,exp_decay,0.05,uniform,0.1,200,0.157417
S2_balance_adequate,exp_decay,0.05,uniform,0.2,200,0.167296
S2_balance_adequate,exp_decay,0.1,uniform,0,200,0.0800812
S2_balance_adequate,exp_decay,0.3,uniform,0,200,0.158547
S2_balance_adequate,gauss_peak,0.01,uniform,0,200,1.12572
S2_balance_adequate,gauss_peak,0.05,clustered,0,200,1.73593
S2_balance_adequate,gauss_peak,0.05,random,0,200,1.13502
S2_balance_adequate,gauss_peak,0.05,uniform,0,200,1
S2_balance_adequate,gauss_peak,0.05,uniform,0.05,200,0.95495
S2_balance_adequate,gauss_peak,0.05,uniform,0.1,200,1.41356
S2_balance_adequate,gauss_peak,0.05,uniform,0.2,200,1.13152
S2_balance_adequate,gauss_peak,0.1,uniform,0,200,1.02131
S2_balance_adequate,gauss_peak,0.3,uniform,0,200,1.12809
S2_balance_adequate,logistic,0.01,uniform,0,200,1.01276
S2_balance_adequate,logistic,0.05,clustered,0,200,1.18393
S2_balance_adequate,logistic,0.05,random,0,200,1.19804
S2_balance_adequate,logistic,0.05,uniform,0,200,1.20311
S2_balance_adequate,logistic,0.05,uniform,0.05,200,0.974515
S2_balance_adequate,logistic,0.05,uniform,0.1,200,0.977587
S2_balance_adequate,logistic,0.05,uniform,0.2,200,0.974828
S2_balance_adequate,logistic,0.1,uniform,0,200,0.975454
S2_balance_adequate,logistic,0.3,uniform,0,200,0.980759
S2_balance_adequate,michaelis_menten,0.01,uniform,0,200,0.978461
S2_balance_adequate,michaelis_menten,0.05,clustered,0,200,1.3473
S2_balance_adequate,michaelis_menten,0.05,random,0,200,1.227
S2_balance_adequate,michaelis_menten,0.05,uniform,0,200,1.37491
S2_balance_adequate,michaelis_menten,0.05,uniform,0.05,200,2.25291
S2_balance_adequate,michaelis_menten,0.05,uniform,0.1,200,2.37661
S2_balance_adequate,michaelis_menten,0.05,uniform,0.2,200,3.1951
S2_balance_adequate,michaelis_menten,0.1,uniform,0,200,1.65643
S2_balance_adequate,michaelis_menten,0.3,uniform,0,200,7.63618
S2_balance_adequate,two_exp,0.01,uniform,0,200,0.85386
S2_balance_adequate,two_exp,0.05,clustered,0,200,1.03298
S2_balance_adequate,two_exp,0.05,random,0,200,1.32858
S2_balance_adequate,two_exp,0.05,uniform,0,200,1.37292
S2_balance_adequate,two_exp,0.05,uniform,0.05,200,1.46038
S2_balance_adequate,two_exp,0.05,uniform,0.1,200,1.60048
S2_balance_adequate,two_exp,0.05,uniform,0.2,200,17.2448
S2_balance_adequate,two_exp,0.1,uniform,0,200,1.29676
S2_balance_adequate,two_exp,0.3,uniform,0,200,9.1819
S3a_lsi_monomial,arctan,0.01,uniform,0,200,1.00707
S3a_lsi_monomial,arctan,0.05,clustered,0,200,1.00766
S3a_lsi_monomial,arctan,0.05,random,0,200,1.0076
S3a_lsi_monomial,arctan,0.05,uniform,0,50,1.00274
S3a_lsi_monomial,arctan,0.05,uniform,0,200,1.00736
S3a_lsi_monomial,arctan,0.05,uniform,0,1000,1.00563
S3a_lsi_monomial,arctan,0.05,uniform,0.05,200,1.00957
S3a_lsi_monomial,arctan,0.05,uniform,0.1,200,1.01035
S3a_lsi_monomial,arctan,0.05,uniform,0.2,200,1.01171
S3a_lsi_monomial,arctan,0.1,uniform,0,200,1.00785
S3a_lsi_monomial,arctan,0.3,uniform,0,200,1.01142
S3a_lsi_monomial,damped_sine,0.01,uniform,0,200,1.05177
S3a_lsi_monomial,damped_sine,0.05,clustered,0,200,1.00438
S3a_lsi_monomial,damped_sine,0.05,random,0,200,1.09376
S3a_lsi_monomial,damped_sine,0.05,uniform,0,50,1.13211
S3a_lsi_monomial,damped_sine,0.05,uniform,0,200,1.06374
S3a_lsi_monomial,damped_sine,0.05,uniform,0,1000,1.06281
S3a_lsi_monomial,damped_sine,0.05,uniform,0.05,200,1.05445
S3a_lsi_monomial,damped_sine,0.05,uniform,0.1,200,1.00547
S3a_lsi_monomial,damped_sine,0.05,uniform,0.2,200,1.00058
S3a_lsi_monomial,damped_sine,0.1,uniform,0,200,1.07629
S3a_lsi_monomial,damped_sine,0.3,uniform,0,200,1.03489
S3a_lsi_monomial,exp_decay,0.01,uniform,0,200,0.180553
S3a_lsi_monomial,exp_decay,0.05,clustered,0,200,0.180839
S3a_lsi_monomial,exp_decay,0.05,random,0,200,0.179411
S3a_lsi_monomial,exp_decay,0.05,uniform,0,50,0.178075
S3a_lsi_monomial,exp_decay,0.05,uniform,0,200,0.181531
S3a_lsi_monomial,exp_decay,0.05,uniform,0,1000,0.179979
S3a_lsi_monomial,exp_decay,0.05,uniform,0.05,200,0.180132
S3a_lsi_monomial,exp_decay,0.05,uniform,0.1,200,0.182426
S3a_lsi_monomial,exp_decay,0.05,uniform,0.2,200,0.179422
S3a_lsi_monomial,exp_decay,0.1,uniform,0,200,0.182806
S3a_lsi_monomial,exp_decay,0.3,uniform,0,200,0.187983
S3a_lsi_monomial,gauss_peak,0.01,uniform,0,200,0.652494
S3a_lsi_monomial,gauss_peak,0.05,clustered,0,200,0.647444
S3a_lsi_monomial,gauss_peak,0.05,random,0,200,0.411124
S3a_lsi_monomial,gauss_peak,0.05,uniform,0,50,0.64652
S3a_lsi_monomial,gauss_peak,0.05,uniform,0,200,0.526008
S3a_lsi_monomial,gauss_peak,0.05,uniform,0,1000,0.652947
S3a_lsi_monomial,gauss_peak,0.05,uniform,0.05,200,0.643715
S3a_lsi_monomial,gauss_peak,0.05,uniform,0.1,200,0.525238
S3a_lsi_monomial,gauss_peak,0.05,uniform,0.2,200,0.404933
S3a_lsi_monomial,gauss_peak,0.1,uniform,0,200,0.52753
S3a_lsi_monomial,gauss_peak,0.3,uniform,0,200,0.535342
S3a_lsi_monomial,logistic,0.01,uniform,0,200,0.605707
S3a_lsi_monomial,logistic,0.05,clustered,0,200,0.605294
S3a_lsi_monomial,logistic,0.05,random,0,200,0.603976
S3a_lsi_monomial,logistic,0.05,uniform,0,50,0.607137
S3a_lsi_monomial,logistic,0.05,uniform,0,200,0.60417
S3a_lsi_monomial,logistic,0.05,uniform,0,1000,0.60587
S3a_lsi_monomial,logistic,0.05,uniform,0.05,200,0.598183
S3a_lsi_monomial,logistic,0.05,uniform,0.1,200,0.59681
S3a_lsi_monomial,logistic,0.05,uniform,0.2,200,0.60743
S3a_lsi_monomial,logistic,0.1,uniform,0,200,0.60242
S3a_lsi_monomial,logistic,0.3,uniform,0,200,0.599826
S3a_lsi_monomial,michaelis_menten,0.01,uniform,0,200,6.47819
S3a_lsi_monomial,michaelis_menten,0.05,clustered,0,200,6.4963
S3a_lsi_monomial,michaelis_menten,0.05,random,0,200,6.49309
S3a_lsi_monomial,michaelis_menten,0.05,uniform,0,50,6.48951
S3a_lsi_monomial,michaelis_menten,0.05,uniform,0,200,6.47669
S3a_lsi_monomial,michaelis_menten,0.05,uniform,0,1000,6.47579
S3a_lsi_monomial,michaelis_menten,0.05,uniform,0.05,200,6.49127
S3a_lsi_monomial,michaelis_menten,0.05,uniform,0.1,200,6.47212
S3a_lsi_monomial,michaelis_menten,0.05,uniform,0.2,200,6.44216
S3a_lsi_monomial,michaelis_menten,0.1,uniform,0,200,6.47485
S3a_lsi_monomial,michaelis_menten,0.3,uniform,0,200,6.46792
S3a_lsi_monomial,two_exp,0.01,uniform,0,200,0.426457
S3a_lsi_monomial,two_exp,0.05,clustered,0,200,0.431524
S3a_lsi_monomial,two_exp,0.05,random,0,200,0.439508
S3a_lsi_monomial,two_exp,0.05,uniform,0,50,0.455827
S3a_lsi_monomial,two_exp,0.05,uniform,0,200,0.419951
S3a_lsi_monomial,two_exp,0.05,uniform,0,1000,0.429337
S3a_lsi_monomial,two_exp,0.05,uniform,0.05,200,0.450606
S3a_lsi_monomial,two_exp,0.05,uniform,0.1,200,0.60965
S3a_lsi_monomial,two_exp,0.05,uniform,0.2,200,0.634462
S3a_lsi_monomial,two_exp,0.1,uniform,0,200,0.439193
S3a_lsi_monomial,two_exp,0.3,uniform,0,200,0.604767
S3b_lsi_legendre,arctan,0.01,uniform,0,200,0.00248569
S3b_lsi_legendre,arctan,0.05,clustered,0,200,0.0132564
S3b_lsi_legendre,arctan,0.05,random,0,200,0.0133494
S3b_lsi_legendre,arctan,0.05,uniform,0,50,0.0293201
S3b_lsi_legendre,arctan,0.05,uniform,0,200,0.0126014
S3b_lsi_legendre,arctan,0.05,uniform,0,1000,0.00632521
S3b_lsi_legendre,arctan,0.05,uniform,0.05,200,0.0235734
S3b_lsi_legendre,arctan,0.05,uniform,0.1,200,0.0517588
S3b_lsi_legendre,arctan,0.05,uniform,0.2,200,0.0617227
S3b_lsi_legendre,arctan,0.1,uniform,0,200,0.0255174
S3b_lsi_legendre,arctan,0.3,uniform,0,200,0.0847898
S3b_lsi_legendre,damped_sine,0.01,uniform,0,200,0.0280931
S3b_lsi_legendre,damped_sine,0.05,clustered,0,200,0.246503
S3b_lsi_legendre,damped_sine,0.05,random,0,200,0.450235
S3b_lsi_legendre,damped_sine,0.05,uniform,0,50,0.11314
S3b_lsi_legendre,damped_sine,0.05,uniform,0,200,0.033511
S3b_lsi_legendre,damped_sine,0.05,uniform,0,1000,0.0100353
S3b_lsi_legendre,damped_sine,0.05,uniform,0.05,200,0.0478043
S3b_lsi_legendre,damped_sine,0.05,uniform,0.1,200,0.184513
S3b_lsi_legendre,damped_sine,0.05,uniform,0.2,200,0.483627
S3b_lsi_legendre,damped_sine,0.1,uniform,0,200,0.117257
S3b_lsi_legendre,damped_sine,0.3,uniform,0,200,0.238629
S3b_lsi_legendre,exp_decay,0.01,uniform,0,200,0.00168606
S3b_lsi_legendre,exp_decay,0.05,clustered,0,200,0.00837753
S3b_lsi_legendre,exp_decay,0.05,random,0,200,0.00685082
S3b_lsi_legendre,exp_decay,0.05,uniform,0,50,0.0169248
S3b_lsi_legendre,exp_decay,0.05,uniform,0,200,0.00848001
S3b_lsi_legendre,exp_decay,0.05,uniform,0,1000,0.00448188
S3b_lsi_legendre,exp_decay,0.05,uniform,0.05,200,0.0175183
S3b_lsi_legendre,exp_decay,0.05,uniform,0.1,200,0.0256339
S3b_lsi_legendre,exp_decay,0.05,uniform,0.2,200,0.0326883
S3b_lsi_legendre,exp_decay,0.1,uniform,0,200,0.017163
S3b_lsi_legendre,exp_decay,0.3,uniform,0,200,0.0538184
S3b_lsi_legendre,gauss_peak,0.01,uniform,0,200,0.00706029
S3b_lsi_legendre,gauss_peak,0.05,clustered,0,200,0.0605996
S3b_lsi_legendre,gauss_peak,0.05,random,0,200,0.0115347
S3b_lsi_legendre,gauss_peak,0.05,uniform,0,50,0.032677
S3b_lsi_legendre,gauss_peak,0.05,uniform,0,200,0.00799605
S3b_lsi_legendre,gauss_peak,0.05,uniform,0,1000,0.00280405
S3b_lsi_legendre,gauss_peak,0.05,uniform,0.05,200,0.0160829
S3b_lsi_legendre,gauss_peak,0.05,uniform,0.1,200,0.0197965
S3b_lsi_legendre,gauss_peak,0.05,uniform,0.2,200,0.0332911
S3b_lsi_legendre,gauss_peak,0.1,uniform,0,200,0.00921187
S3b_lsi_legendre,gauss_peak,0.3,uniform,0,200,0.0270225
S3b_lsi_legendre,logistic,0.01,uniform,0,200,0.00129311
S3b_lsi_legendre,logistic,0.05,clustered,0,200,0.00796609
S3b_lsi_legendre,logistic,0.05,random,0,200,0.00600009
S3b_lsi_legendre,logistic,0.05,uniform,0,50,0.0143123
S3b_lsi_legendre,logistic,0.05,uniform,0,200,0.00627601
S3b_lsi_legendre,logistic,0.05,uniform,0,1000,0.0028805
S3b_lsi_legendre,logistic,0.05,uniform,0.05,200,0.0198272
S3b_lsi_legendre,logistic,0.05,uniform,0.1,200,0.0223715
S3b_lsi_legendre,logistic,0.05,uniform,0.2,200,0.0287605
S3b_lsi_legendre,logistic,0.1,uniform,0,200,0.0115218
S3b_lsi_legendre,logistic,0.3,uniform,0,200,0.0342394
S3b_lsi_legendre,michaelis_menten,0.01,uniform,0,200,0.00380649
S3b_lsi_legendre,michaelis_menten,0.05,clustered,0,200,0.0151853
S3b_lsi_legendre,michaelis_menten,0.05,random,0,200,0.0176474
S3b_lsi_legendre,michaelis_menten,0.05,uniform,0,50,0.0320605
S3b_lsi_legendre,michaelis_menten,0.05,uniform,0,200,0.0164328
S3b_lsi_legendre,michaelis_menten,0.05,uniform,0,1000,0.00824484
S3b_lsi_legendre,michaelis_menten,0.05,uniform,0.05,200,0.0297528
S3b_lsi_legendre,michaelis_menten,0.05,uniform,0.1,200,0.0574322
S3b_lsi_legendre,michaelis_menten,0.05,uniform,0.2,200,0.0904138
S3b_lsi_legendre,michaelis_menten,0.1,uniform,0,200,0.0324093
S3b_lsi_legendre,michaelis_menten,0.3,uniform,0,200,0.0954683
S3b_lsi_legendre,power_law,0.01,uniform,0,200,0.00264882
S3b_lsi_legendre,power_law,0.05,clustered,0,200,0.0178259
S3b_lsi_legendre,power_law,0.05,random,0,200,0.0161426
S3b_lsi_legendre,power_law,0.05,uniform,0,50,0.0213923
S3b_lsi_legendre,power_law,0.05,uniform,0,200,0.0129361
S3b_lsi_legendre,power_law,0.05,uniform,0,1000,0.00774231
S3b_lsi_legendre,power_law,0.05,uniform,0.05,200,0.027956
S3b_lsi_legendre,power_law,0.05,uniform,0.1,200,0.0366241
S3b_lsi_legendre,power_law,0.05,uniform,0.2,200,0.0522854
S3b_lsi_legendre,power_law,0.1,uniform,0,200,0.0257794
S3b_lsi_legendre,power_law,0.3,uniform,0,200,0.0779109
S3b_lsi_legendre,two_exp,0.01,uniform,0,200,0.0192599
S3b_lsi_legendre,two_exp,0.05,clustered,0,200,0.0993227
S3b_lsi_legendre,two_exp,0.05,random,0,200,0.0661095
S3b_lsi_legendre,two_exp,0.05,uniform,0,50,0.363073
S3b_lsi_legendre,two_exp,0.05,uniform,0,200,0.0950939
S3b_lsi_legendre,two_exp,0.05,uniform,0,1000,0.0273602
S3b_lsi_legendre,two_exp,0.05,uniform,0.05,200,0.305363
S3b_lsi_legendre,two_exp,0.05,uniform,0.1,200,0.272169
S3b_lsi_legendre,two_exp,0.05,uniform,0.2,200,1.00458
S3b_lsi_legendre,two_exp,0.1,uniform,0,200,0.217147
S3b_lsi_legendre,two_exp,0.3,uniform,0,200,1.24592
S3c_eac_book,arctan,0.01,uniform,0,200,1.0737
S3c_eac_book,arctan,0.05,clustered,0,200,1.07399
S3c_eac_book,arctan,0.05,random,0,200,1.07285
S3c_eac_book,arctan,0.05,uniform,0,50,1.07415
S3c_eac_book,arctan,0.05,uniform,0,200,1.07431
S3c_eac_book,arctan,0.05,uniform,0,1000,1.07267
S3c_eac_book,arctan,0.05,uniform,0.05,200,1.07367
S3c_eac_book,arctan,0.05,uniform,0.1,200,1.07863
S3c_eac_book,arctan,0.05,uniform,0.2,200,1.08417
S3c_eac_book,arctan,0.1,uniform,0,200,1.07507
S3c_eac_book,arctan,0.3,uniform,0,200,1.07815
S3c_eac_book,damped_sine,0.01,uniform,0,200,0.638942
S3c_eac_book,damped_sine,0.05,clustered,0,200,0.638979
S3c_eac_book,damped_sine,0.05,random,0,200,0.638949
S3c_eac_book,damped_sine,0.05,uniform,0,50,0.63894
S3c_eac_book,damped_sine,0.05,uniform,0,200,0.638942
S3c_eac_book,damped_sine,0.05,uniform,0,1000,0.638944
S3c_eac_book,damped_sine,0.05,uniform,0.05,200,0.638958
S3c_eac_book,damped_sine,0.05,uniform,0.1,200,0.638944
S3c_eac_book,damped_sine,0.05,uniform,0.2,200,0.638946
S3c_eac_book,damped_sine,0.1,uniform,0,200,0.638942
S3c_eac_book,damped_sine,0.3,uniform,0,200,0.638946
S3c_eac_book,exp_decay,0.01,uniform,0,200,0.196775
S3c_eac_book,exp_decay,0.05,clustered,0,200,0.197448
S3c_eac_book,exp_decay,0.05,random,0,200,0.197102
S3c_eac_book,exp_decay,0.05,uniform,0,50,0.196676
S3c_eac_book,exp_decay,0.05,uniform,0,200,0.196466
S3c_eac_book,exp_decay,0.05,uniform,0,1000,0.197281
S3c_eac_book,exp_decay,0.05,uniform,0.05,200,0.197031
S3c_eac_book,exp_decay,0.05,uniform,0.1,200,0.194512
S3c_eac_book,exp_decay,0.05,uniform,0.2,200,0.191781
S3c_eac_book,exp_decay,0.1,uniform,0,200,0.196079
S3c_eac_book,exp_decay,0.3,uniform,0,200,0.194532
S3c_eac_book,gauss_peak,0.01,uniform,0,200,0.655949
S3c_eac_book,gauss_peak,0.05,clustered,0,200,0.65026
S3c_eac_book,gauss_peak,0.05,random,0,200,0.652102
S3c_eac_book,gauss_peak,0.05,uniform,0,50,0.649766
S3c_eac_book,gauss_peak,0.05,uniform,0,200,0.633764
S3c_eac_book,gauss_peak,0.05,uniform,0,1000,0.655932
S3c_eac_book,gauss_peak,0.05,uniform,0.05,200,0.647293
S3c_eac_book,gauss_peak,0.05,uniform,0.1,200,0.648613
S3c_eac_book,gauss_peak,0.05,uniform,0.2,200,0.654368
S3c_eac_book,gauss_peak,0.1,uniform,0,200,0.406513
S3c_eac_book,gauss_peak,0.3,uniform,0,200,0.649378
S3c_eac_book,logistic,0.01,uniform,0,200,0.205028
S3c_eac_book,logistic,0.05,clustered,0,200,0.197229
S3c_eac_book,logistic,0.05,random,0,200,0.199372
S3c_eac_book,logistic,0.05,uniform,0,50,0.159247
S3c_eac_book,logistic,0.05,uniform,0,200,1.58817
S3c_eac_book,logistic,0.05,uniform,0,1000,0.202994
S3c_eac_book,logistic,0.05,uniform,0.05,200,1.65838
S3c_eac_book,logistic,0.05,uniform,0.1,200,0.236616
S3c_eac_book,logistic,0.05,uniform,0.2,200,0.212163
S3c_eac_book,logistic,0.1,uniform,0,200,0.183083
S3c_eac_book,logistic,0.3,uniform,0,200,0.363289
S3c_eac_book,michaelis_menten,0.01,uniform,0,200,5.7749
S3c_eac_book,michaelis_menten,0.05,clustered,0,200,5.77645
S3c_eac_book,michaelis_menten,0.05,random,0,200,5.78094
S3c_eac_book,michaelis_menten,0.05,uniform,0,50,5.7641
S3c_eac_book,michaelis_menten,0.05,uniform,0,200,5.77479
S3c_eac_book,michaelis_menten,0.05,uniform,0,1000,5.77402
S3c_eac_book,michaelis_menten,0.05,uniform,0.05,200,5.78342
S3c_eac_book,michaelis_menten,0.05,uniform,0.1,200,5.78264
S3c_eac_book,michaelis_menten,0.05,uniform,0.2,200,5.77918
S3c_eac_book,michaelis_menten,0.1,uniform,0,200,5.77482
S3c_eac_book,michaelis_menten,0.3,uniform,0,200,5.77666
S3c_eac_book,two_exp,0.01,uniform,0,200,0.395803
S3c_eac_book,two_exp,0.05,clustered,0,200,0.395369
S3c_eac_book,two_exp,0.05,random,0,200,0.404347
S3c_eac_book,two_exp,0.05,uniform,0,50,0.425969
S3c_eac_book,two_exp,0.05,uniform,0,200,0.396598
S3c_eac_book,two_exp,0.05,uniform,0,1000,0.396886
S3c_eac_book,two_exp,0.05,uniform,0.05,200,0.450279
S3c_eac_book,two_exp,0.05,uniform,0.1,200,0.553832
S3c_eac_book,two_exp,0.05,uniform,0.2,200,0.623986
S3c_eac_book,two_exp,0.1,uniform,0,200,0.405791
S3c_eac_book,two_exp,0.3,uniform,0,200,0.714998
S3d_eac_direct,arctan,0.01,uniform,0,200,0.00272637
S3d_eac_direct,arctan,0.05,clustered,0,200,0.130059
S3d_eac_direct,arctan,0.05,random,0,200,0.159207
S3d_eac_direct,arctan,0.05,uniform,0,50,0.0334603
S3d_eac_direct,arctan,0.05,uniform,0,200,0.0137458
S3d_eac_direct,arctan,0.05,uniform,0,1000,0.00707795
S3d_eac_direct,arctan,0.05,uniform,0.05,200,0.0392475
S3d_eac_direct,arctan,0.05,uniform,0.1,200,0.0482059
S3d_eac_direct,arctan,0.05,uniform,0.2,200,0.0763093
S3d_eac_direct,arctan,0.1,uniform,0,200,0.0278097
S3d_eac_direct,arctan,0.3,uniform,0,200,0.0877643
S3d_eac_direct,damped_sine,0.01,uniform,0,200,0.00248967
S3d_eac_direct,damped_sine,0.05,clustered,0,200,0.228816
S3d_eac_direct,damped_sine,0.05,random,0,200,0.131713
S3d_eac_direct,damped_sine,0.05,uniform,0,50,0.0406453
S3d_eac_direct,damped_sine,0.05,uniform,0,200,0.0126592
S3d_eac_direct,damped_sine,0.05,uniform,0,1000,0.00693164
S3d_eac_direct,damped_sine,0.05,uniform,0.05,200,0.0235191
S3d_eac_direct,damped_sine,0.05,uniform,0.1,200,0.0519499
S3d_eac_direct,damped_sine,0.05,uniform,0.2,200,0.0488591
S3d_eac_direct,damped_sine,0.1,uniform,0,200,0.0245874
S3d_eac_direct,damped_sine,0.3,uniform,0,200,0.0769785
S3d_eac_direct,exp_decay,0.01,uniform,0,200,0.00231518
S3d_eac_direct,exp_decay,0.05,clustered,0,200,0.0917781
S3d_eac_direct,exp_decay,0.05,random,0,200,0.0763324
S3d_eac_direct,exp_decay,0.05,uniform,0,50,0.019758
S3d_eac_direct,exp_decay,0.05,uniform,0,200,0.0116746
S3d_eac_direct,exp_decay,0.05,uniform,0,1000,0.00568624
S3d_eac_direct,exp_decay,0.05,uniform,0.05,200,0.0249767
S3d_eac_direct,exp_decay,0.05,uniform,0.1,200,0.033705
S3d_eac_direct,exp_decay,0.05,uniform,0.2,200,0.0493497
S3d_eac_direct,exp_decay,0.1,uniform,0,200,0.0235995
S3d_eac_direct,exp_decay,0.3,uniform,0,200,0.0739147
S3d_eac_direct,gauss_peak,0.01,uniform,0,200,0.000983456
S3d_eac_direct,gauss_peak,0.05,clustered,0,200,0.129395
S3d_eac_direct,gauss_peak,0.05,random,0,200,0.0612335
S3d_eac_direct,gauss_peak,0.05,uniform,0,50,0.0117805
S3d_eac_direct,gauss_peak,0.05,uniform,0,200,0.0049169
S3d_eac_direct,gauss_peak,0.05,uniform,0,1000,0.00284503
S3d_eac_direct,gauss_peak,0.05,uniform,0.05,200,0.0116663
S3d_eac_direct,gauss_peak,0.05,uniform,0.1,200,0.0177565
S3d_eac_direct,gauss_peak,0.05,uniform,0.2,200,0.0307865
S3d_eac_direct,gauss_peak,0.1,uniform,0,200,0.00982923
S3d_eac_direct,gauss_peak,0.3,uniform,0,200,0.0297934
S3d_eac_direct,logistic,0.01,uniform,0,200,0.00134539
S3d_eac_direct,logistic,0.05,clustered,0,200,0.102553
S3d_eac_direct,logistic,0.05,random,0,200,0.0690359
S3d_eac_direct,logistic,0.05,uniform,0,50,0.0180544
S3d_eac_direct,logistic,0.05,uniform,0,200,0.00616884
S3d_eac_direct,logistic,0.05,uniform,0,1000,0.00324878
S3d_eac_direct,logistic,0.05,uniform,0.05,200,0.021534
S3d_eac_direct,logistic,0.05,uniform,0.1,200,0.0188539
S3d_eac_direct,logistic,0.05,uniform,0.2,200,0.0286203
S3d_eac_direct,logistic,0.1,uniform,0,200,0.0111251
S3d_eac_direct,logistic,0.3,uniform,0,200,0.0349488
S3d_eac_direct,michaelis_menten,0.01,uniform,0,200,0.00409849
S3d_eac_direct,michaelis_menten,0.05,clustered,0,200,0.17186
S3d_eac_direct,michaelis_menten,0.05,random,0,200,0.23214
S3d_eac_direct,michaelis_menten,0.05,uniform,0,50,0.0350346
S3d_eac_direct,michaelis_menten,0.05,uniform,0,200,0.0205423
S3d_eac_direct,michaelis_menten,0.05,uniform,0,1000,0.0114176
S3d_eac_direct,michaelis_menten,0.05,uniform,0.05,200,0.0535993
S3d_eac_direct,michaelis_menten,0.05,uniform,0.1,200,0.0589623
S3d_eac_direct,michaelis_menten,0.05,uniform,0.2,200,0.0974209
S3d_eac_direct,michaelis_menten,0.1,uniform,0,200,0.0411986
S3d_eac_direct,michaelis_menten,0.3,uniform,0,200,0.124594
S3d_eac_direct,power_law,0.01,uniform,0,200,0.00246118
S3d_eac_direct,power_law,0.05,clustered,0,200,0.126744
S3d_eac_direct,power_law,0.05,random,0,200,0.151515
S3d_eac_direct,power_law,0.05,uniform,0,50,0.0236175
S3d_eac_direct,power_law,0.05,uniform,0,200,0.0122272
S3d_eac_direct,power_law,0.05,uniform,0,1000,0.00616571
S3d_eac_direct,power_law,0.05,uniform,0.05,200,0.0390329
S3d_eac_direct,power_law,0.05,uniform,0.1,200,0.0273919
S3d_eac_direct,power_law,0.05,uniform,0.2,200,0.0479677
S3d_eac_direct,power_law,0.1,uniform,0,200,0.0242612
S3d_eac_direct,power_law,0.3,uniform,0,200,0.0705874
S3d_eac_direct,two_exp,0.01,uniform,0,200,0.0308972
S3d_eac_direct,two_exp,0.05,clustered,0,200,1.28022
S3d_eac_direct,two_exp,0.05,random,0,200,2.4758
S3d_eac_direct,two_exp,0.05,uniform,0,50,0.953855
S3d_eac_direct,two_exp,0.05,uniform,0,200,0.239974
S3d_eac_direct,two_exp,0.05,uniform,0,1000,0.0845057
S3d_eac_direct,two_exp,0.05,uniform,0.05,200,2.44149
S3d_eac_direct,two_exp,0.05,uniform,0.1,200,0.820273
S3d_eac_direct,two_exp,0.05,uniform,0.2,200,1.29953
S3d_eac_direct,two_exp,0.1,uniform,0,200,0.990893
S3d_eac_direct,two_exp,0.3,uniform,0,200,6.22365
S4a_image_legendre,arctan,0.01,uniform,0,200,0.00258472
S4a_image_legendre,arctan,0.05,clustered,0,200,0.0140602
S4a_image_legendre,arctan,0.05,random,0,200,0.0148585
S4a_image_legendre,arctan,0.05,uniform,0,50,0.0292688
S4a_image_legendre,arctan,0.05,uniform,0,200,0.0130612
S4a_image_legendre,arctan,0.05,uniform,0,1000,0.00630787
S4a_image_legendre,arctan,0.05,uniform,0.05,200,0.0232253
S4a_image_legendre,arctan,0.05,uniform,0.1,200,0.0505005
S4a_image_legendre,arctan,0.05,uniform,0.2,200,0.0648299
S4a_image_legendre,arctan,0.1,uniform,0,200,0.0264965
S4a_image_legendre,arctan,0.3,uniform,0,200,0.085186
S4a_image_legendre,damped_sine,0.01,uniform,0,200,0.0032469
S4a_image_legendre,damped_sine,0.05,clustered,0,200,0.00822954
S4a_image_legendre,damped_sine,0.05,random,0,200,0.0131028
S4a_image_legendre,damped_sine,0.05,uniform,0,50,0.0277958
S4a_image_legendre,damped_sine,0.05,uniform,0,200,0.0160336
S4a_image_legendre,damped_sine,0.05,uniform,0,1000,0.00473709
S4a_image_legendre,damped_sine,0.05,uniform,0.05,200,0.0324987
S4a_image_legendre,damped_sine,0.05,uniform,0.1,200,0.0340023
S4a_image_legendre,damped_sine,0.05,uniform,0.2,200,0.049273
S4a_image_legendre,damped_sine,0.1,uniform,0,200,0.0316416
S4a_image_legendre,damped_sine,0.3,uniform,0,200,0.0956063
S4a_image_legendre,exp_decay,0.01,uniform,0,200,0.00172993
S4a_image_legendre,exp_decay,0.05,clustered,0,200,0.00602347
S4a_image_legendre,exp_decay,0.05,random,0,200,0.00631903
S4a_image_legendre,exp_decay,0.05,uniform,0,50,0.0174389
S4a_image_legendre,exp_decay,0.05,uniform,0,200,0.00874931
S4a_image_legendre,exp_decay,0.05,uniform,0,1000,0.00452128
S4a_image_legendre,exp_decay,0.05,uniform,0.05,200,0.0170119
S4a_image_legendre,exp_decay,0.05,uniform,0.1,200,0.0240668
S4a_image_legendre,exp_decay,0.05,uniform,0.2,200,0.0325371
S4a_image_legendre,exp_decay,0.1,uniform,0,200,0.017754
S4a_image_legendre,exp_decay,0.3,uniform,0,200,0.0544525
S4a_image_legendre,gauss_peak,0.01,uniform,0,200,0.000768576
S4a_image_legendre,gauss_peak,0.05,clustered,0,200,0.00609622
S4a_image_legendre,gauss_peak,0.05,random,0,200,0.00474486
S4a_image_legendre,gauss_peak,0.05,uniform,0,50,0.0114878
S4a_image_legendre,gauss_peak,0.05,uniform,0,200,0.00394369
S4a_image_legendre,gauss_peak,0.05,uniform,0,1000,0.00197806
S4a_image_legendre,gauss_peak,0.05,uniform,0.05,200,0.00989785
S4a_image_legendre,gauss_peak,0.05,uniform,0.1,200,0.00998318
S4a_image_legendre,gauss_peak,0.05,uniform,0.2,200,0.0235292
S4a_image_legendre,gauss_peak,0.1,uniform,0,200,0.0079787
S4a_image_legendre,gauss_peak,0.3,uniform,0,200,0.0223725
S4a_image_legendre,logistic,0.01,uniform,0,200,0.00116204
S4a_image_legendre,logistic,0.05,clustered,0,200,0.00927831
S4a_image_legendre,logistic,0.05,random,0,200,0.00879982
S4a_image_legendre,logistic,0.05,uniform,0,50,0.0144964
S4a_image_legendre,logistic,0.05,uniform,0,200,0.00585755
S4a_image_legendre,logistic,0.05,uniform,0,1000,0.00356085
S4a_image_legendre,logistic,0.05,uniform,0.05,200,0.0199565
S4a_image_legendre,logistic,0.05,uniform,0.1,200,0.0209039
S4a_image_legendre,logistic,0.05,uniform,0.2,200,0.0289745
S4a_image_legendre,logistic,0.1,uniform,0,200,0.0118233
S4a_image_legendre,logistic,0.3,uniform,0,200,0.0383944
S4a_image_legendre,michaelis_menten,0.01,uniform,0,200,0.00285672
S4a_image_legendre,michaelis_menten,0.05,clustered,0,200,0.0155907
S4a_image_legendre,michaelis_menten,0.05,random,0,200,0.0179036
S4a_image_legendre,michaelis_menten,0.05,uniform,0,50,0.0359618
S4a_image_legendre,michaelis_menten,0.05,uniform,0,200,0.0142733
S4a_image_legendre,michaelis_menten,0.05,uniform,0,1000,0.00809415
S4a_image_legendre,michaelis_menten,0.05,uniform,0.05,200,0.0373757
S4a_image_legendre,michaelis_menten,0.05,uniform,0.1,200,0.0537907
S4a_image_legendre,michaelis_menten,0.05,uniform,0.2,200,0.0921586
S4a_image_legendre,michaelis_menten,0.1,uniform,0,200,0.0285143
S4a_image_legendre,michaelis_menten,0.3,uniform,0,200,0.084942
S4a_image_legendre,power_law,0.01,uniform,0,200,0.00247487
S4a_image_legendre,power_law,0.05,clustered,0,200,0.0156347
S4a_image_legendre,power_law,0.05,random,0,200,0.0150544
S4a_image_legendre,power_law,0.05,uniform,0,50,0.0176029
S4a_image_legendre,power_law,0.05,uniform,0,200,0.0124335
S4a_image_legendre,power_law,0.05,uniform,0,1000,0.00711795
S4a_image_legendre,power_law,0.05,uniform,0.05,200,0.0274582
S4a_image_legendre,power_law,0.05,uniform,0.1,200,0.0365788
S4a_image_legendre,power_law,0.05,uniform,0.2,200,0.0499816
S4a_image_legendre,power_law,0.1,uniform,0,200,0.0250179
S4a_image_legendre,power_law,0.3,uniform,0,200,0.0760355
S4a_image_legendre,two_exp,0.01,uniform,0,200,0.0152445
S4a_image_legendre,two_exp,0.05,clustered,0,200,0.0690188
S4a_image_legendre,two_exp,0.05,random,0,200,0.0671678
S4a_image_legendre,two_exp,0.05,uniform,0,50,0.160689
S4a_image_legendre,two_exp,0.05,uniform,0,200,0.0728648
S4a_image_legendre,two_exp,0.05,uniform,0,1000,0.0284139
S4a_image_legendre,two_exp,0.05,uniform,0.05,200,0.157388
S4a_image_legendre,two_exp,0.05,uniform,0.1,200,0.256814
S4a_image_legendre,two_exp,0.05,uniform,0.2,200,0.296991
S4a_image_legendre,two_exp,0.1,uniform,0,200,0.139603
S4a_image_legendre,two_exp,0.3,uniform,0,200,0.343999
S4b_image_block,arctan,0.01,uniform,0,200,0.00297337
S4b_image_block,arctan,0.05,clustered,0,200,0.0124995
S4b_image_block,arctan,0.05,random,0,200,0.0134787
S4b_image_block,arctan,0.05,uniform,0,50,0.0251349
S4b_image_block,arctan,0.05,uniform,0,200,0.0150005
S4b_image_block,arctan,0.05,uniform,0,1000,0.00624371
S4b_image_block,arctan,0.05,uniform,0.05,200,0.0294598
S4b_image_block,arctan,0.05,uniform,0.1,200,0.0504513
S4b_image_block,arctan,0.05,uniform,0.2,200,0.0558348
S4b_image_block,arctan,0.1,uniform,0,200,0.0303579
S4b_image_block,arctan,0.3,uniform,0,200,0.0948888
S4b_image_block,damped_sine,0.01,uniform,0,200,0.00292941
S4b_image_block,damped_sine,0.05,clustered,0,200,0.00955331
S4b_image_block,damped_sine,0.05,random,0,200,0.0158117
S4b_image_block,damped_sine,0.05,uniform,0,50,0.0318009
S4b_image_block,damped_sine,0.05,uniform,0,200,0.0140116
S4b_image_block,damped_sine,0.05,uniform,0,1000,0.00425332
S4b_image_block,damped_sine,0.05,uniform,0.05,200,0.0283277
S4b_image_block,damped_sine,0.05,uniform,0.1,200,0.0458696
S4b_image_block,damped_sine,0.05,uniform,0.2,200,0.0426788
S4b_image_block,damped_sine,0.1,uniform,0,200,0.0267349
S4b_image_block,damped_sine,0.3,uniform,0,200,0.0696719
S4b_image_block,exp_decay,0.01,uniform,0,200,0.00173284
S4b_image_block,exp_decay,0.05,clustered,0,200,0.0052391
S4b_image_block,exp_decay,0.05,random,0,200,0.00648633
S4b_image_block,exp_decay,0.05,uniform,0,50,0.0159214
S4b_image_block,exp_decay,0.05,uniform,0,200,0.00870256
S4b_image_block,exp_decay,0.05,uniform,0,1000,0.0047121
S4b_image_block,exp_decay,0.05,uniform,0.05,200,0.0192538
S4b_image_block,exp_decay,0.05,uniform,0.1,200,0.0276619
S4b_image_block,exp_decay,0.05,uniform,0.2,200,0.0311657
S4b_image_block,exp_decay,0.1,uniform,0,200,0.0175022
S4b_image_block,exp_decay,0.3,uniform,0,200,0.0537121
S4b_image_block,gauss_peak,0.01,uniform,0,200,0.00101319
S4b_image_block,gauss_peak,0.05,clustered,0,200,0.00553037
S4b_image_block,gauss_peak,0.05,random,0,200,0.00520566
S4b_image_block,gauss_peak,0.05,uniform,0,50,0.0109011
S4b_image_block,gauss_peak,0.05,uniform,0,200,0.00509549
S4b_image_block,gauss_peak,0.05,uniform,0,1000,0.00201063
S4b_image_block,gauss_peak,0.05,uniform,0.05,200,0.00991308
S4b_image_block,gauss_peak,0.05,uniform,0.1,200,0.0118605
S4b_image_block,gauss_peak,0.05,uniform,0.2,200,0.0295721
S4b_image_block,gauss_peak,0.1,uniform,0,200,0.010226
S4b_image_block,gauss_peak,0.3,uniform,0,200,0.0315783
S4b_image_block,logistic,0.01,uniform,0,200,0.00113499
S4b_image_block,logistic,0.05,clustered,0,200,0.0112858
S4b_image_block,logistic,0.05,random,0,200,0.0070769
S4b_image_block,logistic,0.05,uniform,0,50,0.0159239
S4b_image_block,logistic,0.05,uniform,0,200,0.00571057
S4b_image_block,logistic,0.05,uniform,0,1000,0.00265779
S4b_image_block,logistic,0.05,uniform,0.05,200,0.0208874
S4b_image_block,logistic,0.05,uniform,0.1,200,0.020894
S4b_image_block,logistic,0.05,uniform,0.2,200,0.0247468
S4b_image_block,logistic,0.1,uniform,0,200,0.0114995
S4b_image_block,logistic,0.3,uniform,0,200,0.0362196
S4b_image_block,michaelis_menten,0.01,uniform,0,200,0.00394285
S4b_image_block,michaelis_menten,0.05,clustered,0,200,0.0157175
S4b_image_block,michaelis_menten,0.05,random,0,200,0.0166694
S4b_image_block,michaelis_menten,0.05,uniform,0,50,0.0332433
S4b_image_block,michaelis_menten,0.05,uniform,0,200,0.0198447
S4b_image_block,michaelis_menten,0.05,uniform,0,1000,0.00789782
S4b_image_block,michaelis_menten,0.05,uniform,0.05,200,0.0372994
S4b_image_block,michaelis_menten,0.05,uniform,0.1,200,0.0576126
S4b_image_block,michaelis_menten,0.05,uniform,0.2,200,0.0902231
S4b_image_block,michaelis_menten,0.1,uniform,0,200,0.0400161
S4b_image_block,michaelis_menten,0.3,uniform,0,200,0.120237
S4b_image_block,power_law,0.01,uniform,0,200,0.00260082
S4b_image_block,power_law,0.05,clustered,0,200,0.0154959
S4b_image_block,power_law,0.05,random,0,200,0.0149382
S4b_image_block,power_law,0.05,uniform,0,50,0.0184361
S4b_image_block,power_law,0.05,uniform,0,200,0.0130465
S4b_image_block,power_law,0.05,uniform,0,1000,0.00708085
S4b_image_block,power_law,0.05,uniform,0.05,200,0.0245853
S4b_image_block,power_law,0.05,uniform,0.1,200,0.0395843
S4b_image_block,power_law,0.05,uniform,0.2,200,0.0409701
S4b_image_block,power_law,0.1,uniform,0,200,0.0262014
S4b_image_block,power_law,0.3,uniform,0,200,0.0799914
S4b_image_block,two_exp,0.01,uniform,0,200,0.0153179
S4b_image_block,two_exp,0.05,clustered,0,200,0.0875344
S4b_image_block,two_exp,0.05,random,0,200,0.0790122
S4b_image_block,two_exp,0.05,uniform,0,50,0.248166
S4b_image_block,two_exp,0.05,uniform,0,200,0.0846619
S4b_image_block,two_exp,0.05,uniform,0,1000,0.029778
S4b_image_block,two_exp,0.05,uniform,0.05,200,0.273309
S4b_image_block,two_exp,0.05,uniform,0.1,200,0.357746
S4b_image_block,two_exp,0.05,uniform,0.2,200,0.633062
S4b_image_block,two_exp,0.1,uniform,0,200,0.129616
S4b_image_block,two_exp,0.3,uniform,0,200,0.59788
S4r_image_robust,arctan,0.01,uniform,0,200,0.00322197
S4r_image_robust,arctan,0.05,clustered,0,200,0.0121412
S4r_image_robust,arctan,0.05,random,0,200,0.0121059
S4r_image_robust,arctan,0.05,uniform,0,50,0.0322012
S4r_image_robust,arctan,0.05,uniform,0,200,0.0157507
S4r_image_robust,arctan,0.05,uniform,0,1000,0.00729516
S4r_image_robust,arctan,0.05,uniform,0.05,200,0.0156217
S4r_image_robust,arctan,0.05,uniform,0.1,200,0.0183207
S4r_image_robust,arctan,0.05,uniform,0.2,200,0.0154532
S4r_image_robust,arctan,0.1,uniform,0,200,0.0310181
S4r_image_robust,arctan,0.3,uniform,0,200,0.0899942
S4r_image_robust,damped_sine,0.01,uniform,0,200,0.00194078
S4r_image_robust,damped_sine,0.05,clustered,0,200,0.00716066
S4r_image_robust,damped_sine,0.05,random,0,200,0.0128109
S4r_image_robust,damped_sine,0.05,uniform,0,50,0.0185627
S4r_image_robust,damped_sine,0.05,uniform,0,200,0.00988952
S4r_image_robust,damped_sine,0.05,uniform,0,1000,0.00563748
S4r_image_robust,damped_sine,0.05,uniform,0.05,200,0.0115912
S4r_image_robust,damped_sine,0.05,uniform,0.1,200,0.00650126
S4r_image_robust,damped_sine,0.05,uniform,0.2,200,0.0142523
S4r_image_robust,damped_sine,0.1,uniform,0,200,0.0203022
S4r_image_robust,damped_sine,0.3,uniform,0,200,0.0709466
S4r_image_robust,exp_decay,0.01,uniform,0,200,0.00227007
S4r_image_robust,exp_decay,0.05,clustered,0,200,0.00709132
S4r_image_robust,exp_decay,0.05,random,0,200,0.00800801
S4r_image_robust,exp_decay,0.05,uniform,0,50,0.0206553
S4r_image_robust,exp_decay,0.05,uniform,0,200,0.0113702
S4r_image_robust,exp_decay,0.05,uniform,0,1000,0.00445413
S4r_image_robust,exp_decay,0.05,uniform,0.05,200,0.00935889
S4r_image_robust,exp_decay,0.05,uniform,0.1,200,0.0108216
S4r_image_robust,exp_decay,0.05,uniform,0.2,200,0.0110081
S4r_image_robust,exp_decay,0.1,uniform,0,200,0.0227599
S4r_image_robust,exp_decay,0.3,uniform,0,200,0.0701567
S4r_image_robust,gauss_peak,0.01,uniform,0,200,0.000902684
S4r_image_robust,gauss_peak,0.05,clustered,0,200,0.00652511
S4r_image_robust,gauss_peak,0.05,random,0,200,0.00392109
S4r_image_robust,gauss_peak,0.05,uniform,0,50,0.011563
S4r_image_robust,gauss_peak,0.05,uniform,0,200,0.00410979
S4r_image_robust,gauss_peak,0.05,uniform,0,1000,0.00178943
S4r_image_robust,gauss_peak,0.05,uniform,0.05,200,0.0049075
S4r_image_robust,gauss_peak,0.05,uniform,0.1,200,0.00351461
S4r_image_robust,gauss_peak,0.05,uniform,0.2,200,0.00509466
S4r_image_robust,gauss_peak,0.1,uniform,0,200,0.00806982
S4r_image_robust,gauss_peak,0.3,uniform,0,200,0.0258751
S4r_image_robust,logistic,0.01,uniform,0,200,0.00127383
S4r_image_robust,logistic,0.05,clustered,0,200,0.00921012
S4r_image_robust,logistic,0.05,random,0,200,0.00723586
S4r_image_robust,logistic,0.05,uniform,0,50,0.0146672
S4r_image_robust,logistic,0.05,uniform,0,200,0.00635169
S4r_image_robust,logistic,0.05,uniform,0,1000,0.00317678
S4r_image_robust,logistic,0.05,uniform,0.05,200,0.00699176
S4r_image_robust,logistic,0.05,uniform,0.1,200,0.0082987
S4r_image_robust,logistic,0.05,uniform,0.2,200,0.0115634
S4r_image_robust,logistic,0.1,uniform,0,200,0.0126258
S4r_image_robust,logistic,0.3,uniform,0,200,0.0369421
S4r_image_robust,michaelis_menten,0.01,uniform,0,200,0.00409713
S4r_image_robust,michaelis_menten,0.05,clustered,0,200,0.0135102
S4r_image_robust,michaelis_menten,0.05,random,0,200,0.0153002
S4r_image_robust,michaelis_menten,0.05,uniform,0,50,0.0392367
S4r_image_robust,michaelis_menten,0.05,uniform,0,200,0.0209501
S4r_image_robust,michaelis_menten,0.05,uniform,0,1000,0.00946365
S4r_image_robust,michaelis_menten,0.05,uniform,0.05,200,0.0193628
S4r_image_robust,michaelis_menten,0.05,uniform,0.1,200,0.0204836
S4r_image_robust,michaelis_menten,0.05,uniform,0.2,200,0.020055
S4r_image_robust,michaelis_menten,0.1,uniform,0,200,0.0419719
S4r_image_robust,michaelis_menten,0.3,uniform,0,200,0.122485
S4r_image_robust,power_law,0.01,uniform,0,200,0.00228377
S4r_image_robust,power_law,0.05,clustered,0,200,0.0138205
S4r_image_robust,power_law,0.05,random,0,200,0.0120473
S4r_image_robust,power_law,0.05,uniform,0,50,0.0211047
S4r_image_robust,power_law,0.05,uniform,0,200,0.0123281
S4r_image_robust,power_law,0.05,uniform,0,1000,0.00839058
S4r_image_robust,power_law,0.05,uniform,0.05,200,0.0134769
S4r_image_robust,power_law,0.05,uniform,0.1,200,0.0147632
S4r_image_robust,power_law,0.05,uniform,0.2,200,0.0205969
S4r_image_robust,power_law,0.1,uniform,0,200,0.0254584
S4r_image_robust,power_law,0.3,uniform,0,200,0.0735295
S4r_image_robust,two_exp,0.01,uniform,0,200,0.0118203
S4r_image_robust,two_exp,0.05,clustered,0,200,0.0625862
S4r_image_robust,two_exp,0.05,random,0,200,0.0596385
S4r_image_robust,two_exp,0.05,uniform,0,50,0.147567
S4r_image_robust,two_exp,0.05,uniform,0,200,0.0699039
S4r_image_robust,two_exp,0.05,uniform,0,1000,0.0308936
S4r_image_robust,two_exp,0.05,uniform,0.05,200,0.07195
S4r_image_robust,two_exp,0.05,uniform,0.1,200,0.100675
S4r_image_robust,two_exp,0.05,uniform,0.2,200,0.0889216
S4r_image_robust,two_exp,0.1,uniform,0,200,0.112069
S4r_image_robust,two_exp,0.3,uniform,0,200,0.473349
