method,n,max_rel_diff,err_vs_truth,reduce_s,reduce_spread_s,fit_s,vs_single_pass,channels
whole_data_fit,200000,0,0.000366816,0,0,0.0335068,,
image_merge,200000,1.33227e-15,0.000366816,0.00924163,0.00221117,0.0165659,0,
integral_lsi,200000,3.14758e-07,0.000366501,0.00454902,0.000424867,0.00134855,1.46438e-12,
integral_eac,200000,0.000145828,0.000512698,0.00158498,0.000165615,0.00123636,1.71041e-12,
whole_data_fit,1000000,0,0.000299719,0,0,0.160511,,
image_merge,1000000,4.44089e-16,0.000299719,0.378106,0.00975288,0.10963,0,
integral_lsi,1000000,4.62365e-08,0.000299759,0.0231,0.000604298,0.00147265,1.75226e-12,
integral_eac,1000000,8.51609e-05,0.000384855,0.007866,0.000377747,0.00178017,2.18892e-12,
integral_batch_lsi,200000,4.22915e-06,,0.0110415,0.359237,0.00761212,,8
