method,config,h,rmse,drive
local,order 3 window 8 q_rate 0.01,2,1.67623,5 Hz drive
local,order 3 window 8 q_rate 0.01,3,2.07765,5 Hz drive
local,order 3 window 8 q_rate 0.01,5,3.02032,5 Hz drive
local,order 3 window 8 q_rate 0.01,10,5.83428,5 Hz drive
local,order 3 window 8 q_rate 0.1,2,1.44352,5 Hz drive
local,order 3 window 8 q_rate 0.1,3,1.89651,5 Hz drive
local,order 3 window 8 q_rate 0.1,5,2.90669,5 Hz drive
local,order 3 window 8 q_rate 0.1,10,5.85274,5 Hz drive
local,order 3 window 8 q_rate 1,2,1.39727,5 Hz drive
local,order 3 window 8 q_rate 1,3,1.91295,5 Hz drive
local,order 3 window 8 q_rate 1,5,3.00897,5 Hz drive
local,order 3 window 8 q_rate 1,10,6.05765,5 Hz drive
local,order 3 window 8 q_rate 10,2,1.40198,5 Hz drive
local,order 3 window 8 q_rate 10,3,1.96143,5 Hz drive
local,order 3 window 8 q_rate 10,5,3.13297,5 Hz drive
local,order 3 window 8 q_rate 10,10,6.31439,5 Hz drive
local,order 3 window 12 q_rate 0.01,2,1.67301,5 Hz drive
local,order 3 window 12 q_rate 0.01,3,2.06617,5 Hz drive
local,order 3 window 12 q_rate 0.01,5,3.00353,5 Hz drive
local,order 3 window 12 q_rate 0.01,10,5.79622,5 Hz drive
local,order 3 window 12 q_rate 0.1,2,1.47219,5 Hz drive
local,order 3 window 12 q_rate 0.1,3,1.89973,5 Hz drive
local,order 3 window 12 q_rate 0.1,5,2.87343,5 Hz drive
local,order 3 window 12 q_rate 0.1,10,5.77973,5 Hz drive
local,order 3 window 12 q_rate 1,2,1.444,5 Hz drive
local,order 3 window 12 q_rate 1,3,1.92554,5 Hz drive
local,order 3 window 12 q_rate 1,5,2.97547,5 Hz drive
local,order 3 window 12 q_rate 1,10,5.99907,5 Hz drive
local,order 3 window 12 q_rate 10,2,1.32707,5 Hz drive
local,order 3 window 12 q_rate 10,3,1.82358,5 Hz drive
local,order 3 window 12 q_rate 10,5,2.88614,5 Hz drive
local,order 3 window 12 q_rate 10,10,5.84343,5 Hz drive
local,order 3 window 28 q_rate 0.01,2,1.86896,5 Hz drive
local,order 3 window 28 q_rate 0.01,3,2.23511,5 Hz drive
local,order 3 window 28 q_rate 0.01,5,3.12449,5 Hz drive
local,order 3 window 28 q_rate 0.01,10,5.8498,5 Hz drive
local,order 3 window 28 q_rate 0.1,2,1.68785,5 Hz drive
local,order 3 window 28 q_rate 0.1,3,2.07683,5 Hz drive
local,order 3 window 28 q_rate 0.1,5,3.0095,5 Hz drive
local,order 3 window 28 q_rate 0.1,10,5.8186,5 Hz drive
local,order 3 window 28 q_rate 1,2,1.5357,5 Hz drive
local,order 3 window 28 q_rate 1,3,1.94752,5 Hz drive
local,order 3 window 28 q_rate 1,5,2.91218,5 Hz drive
local,order 3 window 28 q_rate 1,10,5.79076,5 Hz drive
local,order 3 window 28 q_rate 10,2,1.39021,5 Hz drive
local,order 3 window 28 q_rate 10,3,1.82018,5 Hz drive
local,order 3 window 28 q_rate 10,5,2.8017,5 Hz drive
local,order 3 window 28 q_rate 10,10,5.69923,5 Hz drive
local,order 6 window 8 q_rate 0.01,2,1.73762,5 Hz drive
local,order 6 window 8 q_rate 0.01,3,2.15748,5 Hz drive
local,order 6 window 8 q_rate 0.01,5,3.14701,5 Hz drive
local,order 6 window 8 q_rate 0.01,10,6.07638,5 Hz drive
local,order 6 window 8 q_rate 0.1,2,1.52823,5 Hz drive
local,order 6 window 8 q_rate 0.1,3,1.97047,5 Hz drive
local,order 6 window 8 q_rate 0.1,5,2.97134,5 Hz drive
local,order 6 window 8 q_rate 0.1,10,5.92151,5 Hz drive
local,order 6 window 8 q_rate 1,2,1.50257,5 Hz drive
local,order 6 window 8 q_rate 1,3,2.06287,5 Hz drive
local,order 6 window 8 q_rate 1,5,3.24216,5 Hz drive
local,order 6 window 8 q_rate 1,10,6.47568,5 Hz drive
local,order 6 window 8 q_rate 10,2,1.43536,5 Hz drive
local,order 6 window 8 q_rate 10,3,2.00839,5 Hz drive
local,order 6 window 8 q_rate 10,5,3.19896,5 Hz drive
local,order 6 window 8 q_rate 10,10,6.42385,5 Hz drive
local,order 6 window 12 q_rate 0.01,2,1.71928,5 Hz drive
local,order 6 window 12 q_rate 0.01,3,2.09809,5 Hz drive
local,order 6 window 12 q_rate 0.01,5,3.01635,5 Hz drive
local,order 6 window 12 q_rate 0.01,10,5.78828,5 Hz drive
local,order 6 window 12 q_rate 0.1,2,1.51862,5 Hz drive
local,order 6 window 12 q_rate 0.1,3,1.95132,5 Hz drive
local,order 6 window 12 q_rate 0.1,5,2.94252,5 Hz drive
local,order 6 window 12 q_rate 0.1,10,5.90169,5 Hz drive
local,order 6 window 12 q_rate 1,2,1.45771,5 Hz drive
local,order 6 window 12 q_rate 1,3,1.95171,5 Hz drive
local,order 6 window 12 q_rate 1,5,3.02071,5 Hz drive
local,order 6 window 12 q_rate 1,10,6.0791,5 Hz drive
local,order 6 window 12 q_rate 10,2,1.37641,5 Hz drive
local,order 6 window 12 q_rate 10,3,1.89217,5 Hz drive
local,order 6 window 12 q_rate 10,5,2.98969,5 Hz drive
local,order 6 window 12 q_rate 10,10,6.02271,5 Hz drive
local,order 6 window 28 q_rate 0.01,2,2.00011,5 Hz drive
local,order 6 window 28 q_rate 0.01,3,2.36779,5 Hz drive
local,order 6 window 28 q_rate 0.01,5,3.27676,5 Hz drive
local,order 6 window 28 q_rate 0.01,10,6.0752,5 Hz drive
local,order 6 window 28 q_rate 0.1,2,1.67809,5 Hz drive
local,order 6 window 28 q_rate 0.1,3,2.04153,5 Hz drive
local,order 6 window 28 q_rate 0.1,5,2.92711,5 Hz drive
local,order 6 window 28 q_rate 0.1,10,5.63785,5 Hz drive
local,order 6 window 28 q_rate 1,2,1.52565,5 Hz drive
local,order 6 window 28 q_rate 1,3,1.96392,5 Hz drive
local,order 6 window 28 q_rate 1,5,2.97509,5 Hz drive
local,order 6 window 28 q_rate 1,10,5.9352,5 Hz drive
local,order 6 window 28 q_rate 10,2,1.42984,5 Hz drive
local,order 6 window 28 q_rate 10,3,1.86804,5 Hz drive
local,order 6 window 28 q_rate 10,5,2.87207,5 Hz drive
local,order 6 window 28 q_rate 10,10,5.81335,5 Hz drive
local,order 3 window 8 q_rate 0.01,2,9.24859,walk
local,order 3 window 8 q_rate 0.01,3,11.5397,walk
local,order 3 window 8 q_rate 0.01,5,16.6367,walk
local,order 3 window 8 q_rate 0.01,10,30.4464,walk
local,order 3 window 8 q_rate 0.1,2,7.84715,walk
local,order 3 window 8 q_rate 0.1,3,9.62673,walk
local,order 3 window 8 q_rate 0.1,5,13.6743,walk
local,order 3 window 8 q_rate 0.1,10,24.8263,walk
local,order 3 window 8 q_rate 1,2,5.64252,walk
local,order 3 window 8 q_rate 1,3,6.9266,walk
local,order 3 window 8 q_rate 1,5,9.8973,walk
local,order 3 window 8 q_rate 1,10,18.1464,walk
local,order 3 window 8 q_rate 10,2,6.34497,walk
local,order 3 window 8 q_rate 10,3,8.64989,walk
local,order 3 window 8 q_rate 10,5,13.4523,walk
local,order 3 window 8 q_rate 10,10,25.7473,walk
local,order 3 window 12 q_rate 0.01,2,9.25271,walk
local,order 3 window 12 q_rate 0.01,3,11.402,walk
local,order 3 window 12 q_rate 0.01,5,16.2381,walk
local,order 3 window 12 q_rate 0.01,10,29.5456,walk
local,order 3 window 12 q_rate 0.1,2,8.29082,walk
local,order 3 window 12 q_rate 0.1,3,10.2126,walk
local,order 3 window 12 q_rate 0.1,5,14.5422,walk
local,order 3 window 12 q_rate 0.1,10,26.5056,walk
local,order 3 window 12 q_rate 1,2,5.51909,walk
local,order 3 window 12 q_rate 1,3,6.77047,walk
local,order 3 window 12 q_rate 1,5,9.66126,walk
local,order 3 window 12 q_rate 1,10,17.7753,walk
local,order 3 window 12 q_rate 10,2,7.40409,walk
local,order 3 window 12 q_rate 10,3,10.0957,walk
local,order 3 window 12 q_rate 10,5,15.6768,walk
local,order 3 window 12 q_rate 10,10,29.9139,walk
local,order 3 window 28 q_rate 0.01,2,11.6626,walk
local,order 3 window 28 q_rate 0.01,3,14.2007,walk
local,order 3 window 28 q_rate 0.01,5,20.0078,walk
local,order 3 window 28 q_rate 0.01,10,36.0029,walk
local,order 3 window 28 q_rate 0.1,2,8.4519,walk
local,order 3 window 28 q_rate 0.1,3,10.246,walk
local,order 3 window 28 q_rate 0.1,5,14.4042,walk
local,order 3 window 28 q_rate 0.1,10,25.9793,walk
local,order 3 window 28 q_rate 1,2,7.20557,walk
local,order 3 window 28 q_rate 1,3,8.82549,walk
local,order 3 window 28 q_rate 1,5,12.5724,walk
local,order 3 window 28 q_rate 1,10,22.9131,walk
local,order 3 window 28 q_rate 10,2,6.568,walk
local,order 3 window 28 q_rate 10,3,8.30991,walk
local,order 3 window 28 q_rate 10,5,12.2255,walk
local,order 3 window 28 q_rate 10,10,22.7882,walk
local,order 6 window 8 q_rate 0.01,2,7.35733,walk
local,order 6 window 8 q_rate 0.01,3,9.61773,walk
local,order 6 window 8 q_rate 0.01,5,14.4578,walk
local,order 6 window 8 q_rate 0.01,10,27.1425,walk
local,order 6 window 8 q_rate 0.1,2,7.3984,walk
local,order 6 window 8 q_rate 0.1,3,9.88435,walk
local,order 6 window 8 q_rate 0.1,5,15.1048,walk
local,order 6 window 8 q_rate 0.1,10,28.5896,walk
local,order 6 window 8 q_rate 1,2,7.72682,walk
local,order 6 window 8 q_rate 1,3,10.4985,walk
local,order 6 window 8 q_rate 1,5,16.2264,walk
local,order 6 window 8 q_rate 1,10,30.8898,walk
local,order 6 window 8 q_rate 10,2,8.03275,walk
local,order 6 window 8 q_rate 10,3,11.0211,walk
local,order 6 window 8 q_rate 10,5,17.134,walk
local,order 6 window 8 q_rate 10,10,32.7188,walk
local,order 6 window 12 q_rate 0.01,2,8.83561,walk
local,order 6 window 12 q_rate 0.01,3,10.4102,walk
local,order 6 window 12 q_rate 0.01,5,14.1688,walk
local,order 6 window 12 q_rate 0.01,10,25.0146,walk
local,order 6 window 12 q_rate 0.1,2,7.99586,walk
local,order 6 window 12 q_rate 0.1,3,9.43044,walk
local,order 6 window 12 q_rate 0.1,5,12.856,walk
local,order 6 window 12 q_rate 0.1,10,22.7464,walk
local,order 6 window 12 q_rate 1,2,6.04032,walk
local,order 6 window 12 q_rate 1,3,7.51837,walk
local,order 6 window 12 q_rate 1,5,10.8582,walk
local,order 6 window 12 q_rate 1,10,20.0683,walk
local,order 6 window 12 q_rate 10,2,6.11207,walk
local,order 6 window 12 q_rate 10,3,8.1349,walk
local,order 6 window 12 q_rate 10,5,12.4497,walk
local,order 6 window 12 q_rate 10,10,23.6993,walk
local,order 6 window 28 q_rate 0.01,2,9.02483,walk
local,order 6 window 28 q_rate 0.01,3,10.1471,walk
local,order 6 window 28 q_rate 0.01,5,13.0109,walk
local,order 6 window 28 q_rate 0.01,10,21.8711,walk
local,order 6 window 28 q_rate 0.1,2,6.86282,walk
local,order 6 window 28 q_rate 0.1,3,7.65513,walk
local,order 6 window 28 q_rate 0.1,5,9.70583,walk
local,order 6 window 28 q_rate 0.1,10,16.2462,walk
local,order 6 window 28 q_rate 1,2,6.76547,walk
local,order 6 window 28 q_rate 1,3,7.86408,walk
local,order 6 window 28 q_rate 1,5,10.566,walk
local,order 6 window 28 q_rate 1,10,18.5339,walk
local,order 6 window 28 q_rate 10,2,6.09034,walk
local,order 6 window 28 q_rate 10,3,7.60415,walk
local,order 6 window 28 q_rate 10,5,11.0523,walk
local,order 6 window 28 q_rate 10,10,20.4609,walk
local,order 3 window 8 q_rate 0.01,2,4.74379,1 Hz drive
local,order 3 window 8 q_rate 0.01,3,6.66183,1 Hz drive
local,order 3 window 8 q_rate 0.01,5,11.6127,1 Hz drive
local,order 3 window 8 q_rate 0.01,10,29.3789,1 Hz drive
local,order 3 window 8 q_rate 0.1,2,4.17336,1 Hz drive
local,order 3 window 8 q_rate 0.1,3,6.08991,1 Hz drive
local,order 3 window 8 q_rate 0.1,5,10.9595,1 Hz drive
local,order 3 window 8 q_rate 0.1,10,28.3935,1 Hz drive
local,order 3 window 8 q_rate 1,2,3.57847,1 Hz drive
local,order 3 window 8 q_rate 1,3,5.41401,1 Hz drive
local,order 3 window 8 q_rate 1,5,10.1459,1 Hz drive
local,order 3 window 8 q_rate 1,10,27.2958,1 Hz drive
local,order 3 window 8 q_rate 10,2,3.43949,1 Hz drive
local,order 3 window 8 q_rate 10,3,5.30046,1 Hz drive
local,order 3 window 8 q_rate 10,5,10.0439,1 Hz drive
local,order 3 window 8 q_rate 10,10,27.1659,1 Hz drive
local,order 3 window 12 q_rate 0.01,2,5.91212,1 Hz drive
local,order 3 window 12 q_rate 0.01,3,7.86662,1 Hz drive
local,order 3 window 12 q_rate 0.01,5,12.833,1 Hz drive
local,order 3 window 12 q_rate 0.01,10,30.9734,1 Hz drive
local,order 3 window 12 q_rate 0.1,2,5.16746,1 Hz drive
local,order 3 window 12 q_rate 0.1,3,7.16099,1 Hz drive
local,order 3 window 12 q_rate 0.1,5,12.0447,1 Hz drive
local,order 3 window 12 q_rate 0.1,10,29.9779,1 Hz drive
local,order 3 window 12 q_rate 1,2,4.14224,1 Hz drive
local,order 3 window 12 q_rate 1,3,6.0309,1 Hz drive
local,order 3 window 12 q_rate 1,5,10.7688,1 Hz drive
local,order 3 window 12 q_rate 1,10,28.241,1 Hz drive
local,order 3 window 12 q_rate 10,2,3.61153,1 Hz drive
local,order 3 window 12 q_rate 10,3,5.47708,1 Hz drive
local,order 3 window 12 q_rate 10,5,10.1971,1 Hz drive
local,order 3 window 12 q_rate 10,10,27.4444,1 Hz drive
local,order 3 window 28 q_rate 0.01,2,8.67818,1 Hz drive
local,order 3 window 28 q_rate 0.01,3,10.7343,1 Hz drive
local,order 3 window 28 q_rate 0.01,5,15.4348,1 Hz drive
local,order 3 window 28 q_rate 0.01,10,33.5083,1 Hz drive
local,order 3 window 28 q_rate 0.1,2,10.2721,1 Hz drive
local,order 3 window 28 q_rate 0.1,3,12.5485,1 Hz drive
local,order 3 window 28 q_rate 0.1,5,18.4303,1 Hz drive
local,order 3 window 28 q_rate 0.1,10,38.4933,1 Hz drive
local,order 3 window 28 q_rate 1,2,5.31674,1 Hz drive
local,order 3 window 28 q_rate 1,3,7.19834,1 Hz drive
local,order 3 window 28 q_rate 1,5,12.149,1 Hz drive
local,order 3 window 28 q_rate 1,10,30.1766,1 Hz drive
local,order 3 window 28 q_rate 10,2,4.70771,1 Hz drive
local,order 3 window 28 q_rate 10,3,6.5965,1 Hz drive
local,order 3 window 28 q_rate 10,5,11.5059,1 Hz drive
local,order 3 window 28 q_rate 10,10,29.3638,1 Hz drive
local,order 6 window 8 q_rate 0.01,2,5.15657,1 Hz drive
local,order 6 window 8 q_rate 0.01,3,7.18888,1 Hz drive
local,order 6 window 8 q_rate 0.01,5,12.3053,1 Hz drive
local,order 6 window 8 q_rate 0.01,10,30.2413,1 Hz drive
local,order 6 window 8 q_rate 0.1,2,4.16407,1 Hz drive
local,order 6 window 8 q_rate 0.1,3,6.04644,1 Hz drive
local,order 6 window 8 q_rate 0.1,5,10.8959,1 Hz drive
local,order 6 window 8 q_rate 0.1,10,28.4359,1 Hz drive
local,order 6 window 8 q_rate 1,2,3.46965,1 Hz drive
local,order 6 window 8 q_rate 1,3,5.27496,1 Hz drive
local,order 6 window 8 q_rate 1,5,9.98415,1 Hz drive
local,order 6 window 8 q_rate 1,10,27.0734,1 Hz drive
local,order 6 window 8 q_rate 10,2,3.36292,1 Hz drive
local,order 6 window 8 q_rate 10,3,5.21081,1 Hz drive
local,order 6 window 8 q_rate 10,5,9.91988,1 Hz drive
local,order 6 window 8 q_rate 10,10,27.0251,1 Hz drive
local,order 6 window 12 q_rate 0.01,2,6.4149,1 Hz drive
local,order 6 window 12 q_rate 0.01,3,8.44974,1 Hz drive
local,order 6 window 12 q_rate 0.01,5,13.7204,1 Hz drive
local,order 6 window 12 q_rate 0.01,10,32.1928,1 Hz drive
local,order 6 window 12 q_rate 0.1,2,4.9034,1 Hz drive
local,order 6 window 12 q_rate 0.1,3,6.80749,1 Hz drive
local,order 6 window 12 q_rate 0.1,5,11.7153,1 Hz drive
local,order 6 window 12 q_rate 0.1,10,29.4971,1 Hz drive
local,order 6 window 12 q_rate 1,2,4.23166,1 Hz drive
local,order 6 window 12 q_rate 1,3,6.0973,1 Hz drive
local,order 6 window 12 q_rate 1,5,10.8893,1 Hz drive
local,order 6 window 12 q_rate 1,10,28.3407,1 Hz drive
local,order 6 window 12 q_rate 10,2,3.66341,1 Hz drive
local,order 6 window 12 q_rate 10,3,5.46556,1 Hz drive
local,order 6 window 12 q_rate 10,5,10.1615,1 Hz drive
local,order 6 window 12 q_rate 10,10,27.4045,1 Hz drive
local,order 6 window 28 q_rate 0.01,2,7.90233,1 Hz drive
local,order 6 window 28 q_rate 0.01,3,9.70792,1 Hz drive
local,order 6 window 28 q_rate 0.01,5,14.6452,1 Hz drive
local,order 6 window 28 q_rate 0.01,10,32.8262,1 Hz drive
local,order 6 window 28 q_rate 0.1,2,11.5819,1 Hz drive
local,order 6 window 28 q_rate 0.1,3,14.2793,1 Hz drive
local,order 6 window 28 q_rate 0.1,5,20.8165,1 Hz drive
local,order 6 window 28 q_rate 0.1,10,42.7079,1 Hz drive
local,order 6 window 28 q_rate 1,2,5.80571,1 Hz drive
local,order 6 window 28 q_rate 1,3,7.73304,1 Hz drive
local,order 6 window 28 q_rate 1,5,12.7932,1 Hz drive
local,order 6 window 28 q_rate 1,10,30.8725,1 Hz drive
local,order 6 window 28 q_rate 10,2,4.69579,1 Hz drive
local,order 6 window 28 q_rate 10,3,6.68384,1 Hz drive
local,order 6 window 28 q_rate 10,5,11.6828,1 Hz drive
local,order 6 window 28 q_rate 10,10,29.5361,1 Hz drive
