kind,h,gap,gps_ctrl,gyro_gated,gyro_compass,ct_ekf,kalman,compass_resid_deg,drive,window
forecast,2,,1.73002,1.72494,1.84181,1.31866,1.42688,66.0172,5 Hz drive,adaptive
forecast,3,,2.05185,2.05542,2.17379,1.77882,2.02224,66.0172,5 Hz drive,adaptive
forecast,5,,2.86281,2.87208,3.01254,2.81358,3.45419,66.0172,5 Hz drive,adaptive
forecast,10,,5.4287,5.47237,5.63977,6.18489,8.62279,66.0172,5 Hz drive,adaptive
coast,,5,2.04058,1.9134,2.60003,1.28756,,66.0172,5 Hz drive,adaptive
coast,,10,3.93133,3.30041,3.13165,2.6076,,66.0172,5 Hz drive,adaptive
coast,,15,4.53828,4.89389,4.99242,4.3446,,66.0172,5 Hz drive,adaptive
forecast,2,,2.9948,3.01634,2.98414,1.31866,1.42688,66.0172,5 Hz drive,fixed
forecast,3,,3.17681,3.20031,3.1669,1.77882,2.02224,66.0172,5 Hz drive,fixed
forecast,5,,3.70002,3.72959,3.6914,2.81358,3.45419,66.0172,5 Hz drive,fixed
forecast,10,,5.72726,5.77451,5.72278,6.18489,8.62279,66.0172,5 Hz drive,fixed
coast,,5,3.43836,3.39401,3.14808,1.28756,,66.0172,5 Hz drive,fixed
coast,,10,4.65944,4.63275,4.60414,2.6076,,66.0172,5 Hz drive,fixed
coast,,15,6.37062,6.29913,6.3963,4.3446,,66.0172,5 Hz drive,fixed
forecast,2,,6.77656,6.74162,7.38322,5.52975,6.45048,32.3382,walk,adaptive
forecast,3,,7.96313,7.90974,8.73885,7.94995,9.99254,32.3382,walk,adaptive
forecast,5,,10.8319,10.7442,11.9812,13.2879,19.0505,32.3382,walk,adaptive
forecast,10,,19.2125,18.991,21.2738,31.1797,53.4694,32.3382,walk,adaptive
coast,,5,4.31869,4.25576,4.04332,2.74957,,32.3382,walk,adaptive
coast,,10,15.1388,15.1244,15.1494,14.6597,,32.3382,walk,adaptive
coast,,15,21.8284,21.6631,21.4974,21.8614,,32.3382,walk,adaptive
forecast,2,,7.59031,7.57466,7.57666,5.52975,6.45048,32.3382,walk,fixed
forecast,3,,8.37988,8.36139,8.36299,7.94995,9.99254,32.3382,walk,fixed
forecast,5,,10.4538,10.4292,10.4277,13.2879,19.0505,32.3382,walk,fixed
forecast,10,,17.0915,17.0538,17.0477,31.1797,53.4694,32.3382,walk,fixed
coast,,5,5.27819,5.2536,5.30477,2.74957,,32.3382,walk,fixed
coast,,10,14.7442,14.7855,14.7783,14.6597,,32.3382,walk,fixed
coast,,15,21.1304,21.1992,21.168,21.8614,,32.3382,walk,fixed
forecast,2,,12.3254,12.326,12.3257,3.18901,3.6413,49.1902,1 Hz drive,adaptive
forecast,3,,15.1986,15.1993,15.1987,5.01403,5.93041,49.1902,1 Hz drive,adaptive
forecast,5,,22.2799,22.281,22.2797,9.72707,12.1284,49.1902,1 Hz drive,adaptive
forecast,10,,44.9003,44.9007,44.9003,27.9405,37.4561,49.1902,1 Hz drive,adaptive
coast,,5,25.8717,25.8744,25.8751,5.97028,,49.1902,1 Hz drive,adaptive
coast,,10,39.6815,40.1884,40.1236,15.8489,,49.1902,1 Hz drive,adaptive
coast,,15,61.737,61.7415,61.7427,26.687,,49.1902,1 Hz drive,adaptive
forecast,2,,35.3354,35.3357,35.3364,3.18901,3.6413,49.1902,1 Hz drive,fixed
forecast,3,,37.9513,37.9518,37.9523,5.01403,5.93041,49.1902,1 Hz drive,fixed
forecast,5,,45.0179,45.0188,45.0189,9.72707,12.1284,49.1902,1 Hz drive,fixed
forecast,10,,70.6349,70.6361,70.6359,27.9405,37.4561,49.1902,1 Hz drive,fixed
coast,,5,33.4055,33.4112,33.4138,5.97028,,49.1902,1 Hz drive,fixed
coast,,10,53.9993,54.0058,54.0099,15.8489,,49.1902,1 Hz drive,fixed
coast,,15,70.7798,70.7858,70.7904,26.687,,49.1902,1 Hz drive,fixed
