scenario,metric,noise,NLLS,integral LSI,direct EAC,Legendre,block
linear,params,0.08,0.339413,0.291878,0.269682,0.339413,0.2782
linear,params,0.3,1.2728,1.09454,1.01131,1.2728,1.04325
quadratic,params,0.08,1.37724,1.45827,1.12123,1.37724,1.40381
quadratic,params,0.3,5.16466,5.46851,4.20461,5.16466,5.26429
cubic,params,0.08,2.79416,2.46799,2.37371,2.79416,3.48673
cubic,params,0.3,10.4781,9.25497,15.9831,10.4781,13.0752
power_law,params,0.08,0.785007,0.758807,0.839018,0.787978,0.738708
power_law,params,0.3,2.91843,2.80548,3.42482,2.91744,2.7447
logarithmic,params,0.08,0.23501,0.218572,0.150982,0.230917,0.216713
logarithmic,params,0.3,0.881288,0.819468,0.566181,0.865937,0.812675
sqrt_law,params,0.08,0.243611,0.297468,0.134198,0.231138,0.216968
sqrt_law,params,0.3,0.91354,0.910304,0.503243,0.866767,0.813631
exponential,params,0.08,0.667261,0.588087,0.603937,0.670456,0.632421
exponential,params,0.3,2.44032,2.15225,2.36646,2.451,2.33957
exp_growth_offset,params,0.08,2.02249,2.01884,2.06451,2.17741,2.42735
exp_growth_offset,params,0.3,7.77581,7.76892,8.48148,7.65066,9.63714
exp_decay,params,0.08,0.142432,0.139946,0.0551397,0.143513,0.121354
exp_decay,params,0.3,0.531338,0.523981,0.209966,0.535186,0.455277
exp_decay_offset,params,0.08,0.391636,0.390257,0.304826,0.40056,0.419691
exp_decay_offset,params,0.3,1.46752,1.46505,1.23583,1.50114,1.61448
first_order,params,0.08,0.149386,0.135754,0.222461,0.148351,0.1696
first_order,params,0.3,0.555029,0.501424,0.833785,0.550946,0.62564
biexponential,r2,0.08,0.358495,0.420863,0.359884,0.382413,0.422843
biexponential,r2,0.3,1.03899,1.25883,1.28473,1.16413,1.23311
stretched_exponential,params,0.08,0.0243939,0.0298717,0.0488459,0.0244985,0.0208038
stretched_exponential,params,0.3,0.0865879,0.10372,0.175513,0.086972,0.0681128
logistic,params,0.08,1.82607,2.0366,3.30174,1.4441,1.40957
logistic,params,0.3,5.409,7.13188,9.97493,7.58385,4.88386
gompertz,params,0.08,0.647311,0.654241,0.399038,0.447264,0.597809
gompertz,params,0.3,2.44544,2.47265,1.52429,1.68186,2.16749
weibull_cdf,params,0.08,0.630109,0.599471,0.448304,0.609838,0.637373
weibull_cdf,params,0.3,2.3241,2.1615,1.51362,2.27608,2.30719
tanh_step,params,0.08,1.0284,0.782969,1.35085,1.21859,1.25983
tanh_step,params,0.3,3.64734,4.38388,4.80073,4.32332,4.41472
michaelis_menten,params,0.08,0.149236,0.133202,0.174752,0.147484,0.173573
michaelis_menten,params,0.3,0.55567,0.482595,0.652052,0.54891,0.643779
hill,params,0.08,0.890933,0.828888,0.768826,0.896877,0.993451
hill,params,0.3,3.17506,2.9839,2.76042,3.39347,3.65426
gaussian,params,0.08,0.169447,0.245028,0.30816,0.169489,0.163465
gaussian,params,0.3,0.63564,0.628834,1.16953,0.635727,0.615381
lorentzian,params,0.08,0.124967,0.296452,0.227283,0.12489,0.137931
lorentzian,params,0.3,0.458259,0.579158,0.841971,0.458056,0.513719
double_gaussian,r2,0.08,24.9052,25.1089,24.5453,24.9051,24.9029
double_gaussian,r2,0.3,24.8943,25.0818,37.7835,24.894,25.2909
sine,params,0.08,0.539381,1.32937,0.572286,0.53679,0.630771
sine,params,0.3,1.98635,2.41273,2.11749,1.97677,2.39492
damped_oscillation,params,0.08,0.109692,0.8854,0.131068,0.111082,0.0842179
damped_oscillation,params,0.3,0.410067,1.16435,0.481956,0.417579,0.314903
fourier_series,r2,0.08,60.892,60.8078,60.9259,60.8895,60.8871
fourier_series,r2,0.3,60.724,60.6374,60.798,60.72,60.7365
