regime,family,points,seed_block,NLLS,Legendre,block,auto,Legendre/NLLS,block/NLLS,auto/NLLS
concentrated transient,firstorder,400,0,0.773215,0.803094,0.724207,0.803094,1.03864,0.936618,1.03864
concentrated transient,firstorder,400,40,0.593294,0.61994,0.706162,0.61994,1.04491,1.19024,1.04491
concentrated transient,firstorder,400,80,0.754978,0.764519,0.787701,0.764519,1.01264,1.04334,1.01264
concentrated transient,firstorder,400,120,0.642609,0.700794,0.791022,0.700794,1.09054,1.23095,1.09054
sparse irregular,damped,27,0,3.46507,3.46532,3.71029,3.46532,1.00007,1.07077,1.00007
sparse irregular,damped,27,40,3.08593,3.08582,2.92814,3.08582,0.999964,0.948868,0.999964
sparse irregular,damped,27,80,2.66248,2.66249,2.91726,2.66249,1.00001,1.0957,1.00001
sparse irregular,damped,27,120,2.9211,2.92115,2.98518,2.92115,1.00002,1.02194,1.00002
short record,gauss,18,0,1.47044,1.45312,1.40539,1.45312,0.988224,0.955761,0.988224
short record,gauss,18,40,1.51962,1.56891,1.75203,1.55274,1.03243,1.15293,1.02179
short record,gauss,18,80,1.34653,1.40785,1.11856,1.18089,1.04554,0.830703,0.876988
short record,gauss,18,120,1.64103,1.51151,1.5708,1.51151,0.921077,0.957203,0.921077
