process,seed,hurst,has_long_memory,order,true_order,h_white
AR(1) phi=0.6,0,0.530793,False,1,1,
AR(1) phi=0.6,1,0.607931,False,3,1,
AR(1) phi=0.6,2,0.559264,False,1,1,
AR(1) phi=0.6,3,0.489558,False,2,1,
AR(1) phi=0.6,4,0.535427,False,1,1,
AR(1) phi=0.6,5,0.441154,False,2,1,
AR(1) phi=0.6,6,0.50833,False,1,1,
AR(1) phi=0.6,7,0.520046,False,1,1,
AR(1) phi=0.9,0,0.781199,False,1,1,
AR(1) phi=0.9,1,0.863157,False,3,1,
AR(1) phi=0.9,2,0.814359,False,1,1,
AR(1) phi=0.9,3,0.739783,False,1,1,
AR(1) phi=0.9,4,0.789899,False,1,1,
AR(1) phi=0.9,5,0.694314,False,1,1,
AR(1) phi=0.9,6,0.759748,False,1,1,
AR(1) phi=0.9,7,0.775719,False,1,1,
AR(2),0,0.498082,False,2,2,
AR(2),1,0.573657,False,2,2,
AR(2),2,0.524452,False,2,2,
AR(2),3,0.455008,False,2,2,
AR(2),4,0.500895,False,3,2,
AR(2),5,0.406781,False,2,2,
AR(2),6,0.474255,False,2,2,
AR(2),7,0.485427,False,2,2,
AR(3),0,0.524765,False,3,3,
AR(3),1,0.601528,False,3,3,
AR(3),2,0.552693,False,3,3,
AR(3),3,0.48313,False,3,3,
AR(3),4,0.528988,False,3,3,
AR(3),5,0.434616,False,3,3,
AR(3),6,0.501964,False,3,3,
AR(3),7,0.513518,False,3,3,
ARFIMA d=0.3,0,0.786616,True,3,,0.483281
ARFIMA d=0.3,1,0.836309,True,3,,0.46804
ARFIMA d=0.3,2,0.82271,True,3,,0.492795
ARFIMA d=0.3,3,0.789603,True,3,,0.458272
ARFIMA d=0.3,4,0.737465,True,3,,0.515727
ARFIMA d=0.3,5,0.710346,True,3,,0.497676
ARFIMA d=0.3,6,0.774789,True,3,,0.507456
ARFIMA d=0.3,7,0.852811,True,3,,0.525409
ARFIMA d=0.4,0,0.903145,True,3,,0.467641
ARFIMA d=0.4,1,0.960071,True,3,,0.440436
ARFIMA d=0.4,2,0.929416,True,3,,0.487378
ARFIMA d=0.4,3,0.911052,True,3,,0.440413
ARFIMA d=0.4,4,0.837877,True,3,,0.515169
ARFIMA d=0.4,5,0.831623,True,3,,0.48214
ARFIMA d=0.4,6,0.88172,True,3,,0.500374
ARFIMA d=0.4,7,0.876362,True,3,,0.611771
