window,order,cond_monomial,legendre_ratio,cholesky_ok
1,2,524.057,5,True
1,3,15513.7,7,True
1,4,476607,9,True
1,5,1.49511e+07,11,True
1,6,4.75367e+08,13,True
1,7,1.52576e+10,15,True
1,8,4.93153e+11,17,True
1,9,1.6025e+13,19,True
1,10,5.22478e+14,21,True
1,11,1.64259e+16,23,True
1,12,4.49367e+18,25,True
1,13,3.21984e+17,27,False
1,14,3.36601e+17,29,False
1,15,2.24994e+18,31,False
1,16,6.26205e+17,33,False
2,2,336.241,5,True
2,3,10407.8,7,True
2,4,377100,9,True
2,5,1.50269e+07,11,True
2,6,6.36895e+08,13,True
2,7,2.817e+10,15,True
2,8,1.28533e+12,17,True
2,9,6.00462e+13,19,True
2,10,2.85238e+15,21,True
2,11,1.35678e+17,23,True
2,12,3.05701e+19,25,True
2,13,3.46086e+18,27,False
2,14,2.56023e+19,29,False
2,15,7.46341e+19,31,False
2,16,1.6411e+20,33,False
