jumps,amp_sigma,estimator,recall,full_detected,reps,trend_ratio_to_oracle,jump_ratio_to_oracle,epoch_err_fine_widths
2,10,pointwise,1,199,200,0.947671,0.958643,0.0535487
2,10,pointwise-drop,1,199,200,0.96702,0.981361,0.0535487
2,10,legendre,1,199,200,0.880507,0.876026,0.0535487
2,10,block,1,199,200,0.858817,0.831553,0.0535487
2,10,aligned,1,199,200,0.951185,0.969294,0.0535487
2,4,pointwise,1,200,200,0.957828,0.955095,0.107999
2,4,pointwise-drop,1,200,200,0.957847,0.970256,0.107999
2,4,legendre,1,200,200,0.866473,0.854552,0.107999
2,4,block,1,200,200,0.855696,0.827397,0.107999
2,4,aligned,1,200,200,0.935628,0.955481,0.107999
2,2,pointwise,0.4575,47,200,0.964961,0.962539,0.178251
2,2,pointwise-drop,0.4575,47,200,0.974857,0.968857,0.178251
2,2,legendre,0.4575,47,200,0.879486,0.846368,0.178251
2,2,block,0.4575,47,200,0.978711,0.901171,0.178251
2,2,aligned,0.4575,47,200,0.962395,0.962568,0.178251
5,4,pointwise,1,199,200,0.898391,0.932629,0.104553
5,4,pointwise-drop,1,199,200,0.94146,0.958825,0.104553
5,4,legendre,1,199,200,0.792975,0.859012,0.104553
5,4,block,1,199,200,0.768164,0.823961,0.104553
5,4,aligned,1,199,200,0.893572,0.941399,0.104553
