basis,K,param,ratio,n_coef,rank,cond
block on epochs,8,d1,0.677094,8,8,2.90625
block on epochs,8,d2,0.734986,8,8,2.90625
block on epochs,16,d1,0.902115,16,16,1.68817
block on epochs,16,d2,0.936856,16,16,1.68817
block on epochs,32,d1,0.988891,32,32,2.90625
block on epochs,32,d2,0.991374,32,32,2.90625
block on epochs,64,d1,0.9974,64,64,1.21429
block on epochs,64,d2,0.99786,64,64,1.21429
block on epochs,128,d1,0.999361,128,128,1.38462
block on epochs,128,d2,0.99947,128,128,1.38462
block,8,d1,0.471988,8,8,1
block,8,d2,0.515106,8,8,1
block,16,d1,0.803135,16,16,1
block,16,d2,0.701032,16,16,1
block,32,d1,0.932255,32,32,1.01613
block,32,d2,0.85474,32,32,1.01613
block,64,d1,0.973305,64,64,1.03226
block,64,d2,0.984083,64,64,1.03226
block,128,d1,0.97678,128,128,1.06667
block,128,d2,0.986038,128,128,1.06667
