grid,K,basis,cond,n_coef,rank,coverage
"50% duty, 10 bursts",8,legendre,146.091,9,9,0.97869
"50% duty, 10 bursts",8,block,1.5,8,8,0
"50% duty, 10 bursts",8,segment,30.3404,8,8,0
"50% duty, 10 bursts",16,legendre,1103.27,17,17,0.916202
"50% duty, 10 bursts",16,block,4,16,16,0
"50% duty, 10 bursts",16,segment,133.646,16,16,0
"50% duty, 10 bursts",32,legendre,5.35243e+08,33,33,0.180872
"50% duty, 10 bursts",32,block,125,25,25,0
"50% duty, 10 bursts",32,segment,207104,32,32,0
"50% duty, 10 bursts",64,legendre,3.48001e+17,65,65,1.29219e-10
"50% duty, 10 bursts",64,block,63,41,41,0
"50% duty, 10 bursts",64,segment,4.76258e+14,64,64,0
"50% duty, 10 bursts",128,legendre,3.17069e+18,129,129,1.0413e-10
"50% duty, 10 bursts",128,block,32,73,73,0
"50% duty, 10 bursts",128,segment,8.4114e+17,128,128,0
"20% duty, 10 bursts",8,legendre,106.439,9,9,0.97869
"20% duty, 10 bursts",8,block,2.0125,8,8,0
"20% duty, 10 bursts",8,segment,81.885,8,8,0
"20% duty, 10 bursts",16,legendre,85815.8,17,17,0.916202
"20% duty, 10 bursts",16,block,81,13,13,0
"20% duty, 10 bursts",16,segment,39009,16,16,0
"20% duty, 10 bursts",32,legendre,1.20852e+13,33,33,0.180872
"20% duty, 10 bursts",32,block,81,17,17,0
"20% duty, 10 bursts",32,segment,2.38679e+11,32,32,0
"20% duty, 10 bursts",64,legendre,5.48612e+17,65,65,1.29219e-10
"20% duty, 10 bursts",64,block,63,23,23,0
"20% duty, 10 bursts",64,segment,9.39931e+17,64,64,0
"20% duty, 10 bursts",128,legendre,3.82701e+18,129,129,1.0413e-10
"20% duty, 10 bursts",128,block,32,35,35,0
"20% duty, 10 bursts",128,segment,2.35977e+19,128,121,0
"20% duty, 4 bursts",8,legendre,3760.2,9,9,0.97869
"20% duty, 4 bursts",8,block,200,5,5,0
"20% duty, 4 bursts",8,segment,255.428,8,8,0
"20% duty, 4 bursts",16,legendre,9.14445e+10,17,17,0.916202
"20% duty, 4 bursts",16,block,200,5,5,0
"20% duty, 4 bursts",16,segment,2.83813e+07,16,16,0
"20% duty, 4 bursts",32,legendre,2.53655e+17,33,33,0.180872
"20% duty, 4 bursts",32,block,125,9,9,0
"20% duty, 4 bursts",32,segment,5.771e+17,32,32,0
"20% duty, 4 bursts",64,legendre,2.37522e+18,65,65,1.29219e-10
"20% duty, 4 bursts",64,block,63,17,17,0
"20% duty, 4 bursts",64,segment,1.38762e+19,64,54,0
"20% duty, 4 bursts",128,legendre,6.2391e+18,129,86,1.0413e-10
"20% duty, 4 bursts",128,block,32,29,29,0
"20% duty, 4 bursts",128,segment,7.56969e+18,128,74,0
