budget,K_legendre,K_block,model,worst_efficiency_legendre,worst_efficiency_block,n_coef_legendre,rank_legendre,n_coef_block,rank_block,stored_legendre,stored_block
64,9,32,decay,1,0.990568,10,10,30,30,55,60
64,9,32,10 cycles,0.0558022,0.723127,10,10,30,30,55,60
64,9,32,2 jumps,0.601818,0.827519,10,10,30,30,55,60
128,14,64,decay,1,0.997495,15,15,59,59,120,118
128,14,64,10 cycles,0.161121,0.92006,15,15,59,59,120,118
128,14,64,2 jumps,0.668513,0.869969,15,15,59,59,120,118
256,21,128,decay,1,0.99942,22,22,115,115,253,230
256,21,128,10 cycles,0.37832,0.979772,22,22,115,115,253,230
256,21,128,2 jumps,0.787155,0.955393,22,22,115,115,253,230
512,30,256,decay,1,0.99985,31,31,229,229,496,458
512,30,256,10 cycles,0.897777,0.994994,31,31,229,229,496,458
512,30,256,2 jumps,0.847896,0.964026,31,31,229,229,496,458
1024,43,512,decay,1,0.999965,44,44,457,457,990,914
1024,43,512,10 cycles,1,0.998782,44,44,457,457,990,914
1024,43,512,2 jumps,0.892076,0.978502,44,44,457,457,990,914
