plant,p_init,r,q,perr_mean,perr_median,over_10pct,diverged
damped_osc,5,0.5,0.0001,1.07433,0.772207,0,0
damped_osc,5,0.5,1e-06,0.587246,0.598846,0,0
damped_osc,5,0.5,1e-08,0.58218,0.620323,0,0
damped_osc,5,true,0.0001,264.814,131.303,7,0
damped_osc,5,true,1e-06,270.812,178.164,5,0
damped_osc,5,true,1e-08,268.221,173.739,5,0
damped_osc,0.1,0.5,0.0001,1.27806,0.982112,0,0
damped_osc,0.1,0.5,1e-06,1.70818,1.70507,0,0
damped_osc,0.1,0.5,1e-08,1.7877,1.80283,0,0
damped_osc,0.1,true,0.0001,44.4799,6.0559,1,0
damped_osc,0.1,true,1e-06,40.7412,1.48083,1,0
damped_osc,0.1,true,1e-08,42.002,0.691699,1,0
ac_sine,5,0.5,0.0001,0.331663,0.349112,0,0
ac_sine,5,0.5,1e-06,0.247607,0.201251,0,0
ac_sine,5,0.5,1e-08,0.250546,0.21747,0,0
ac_sine,5,true,0.0001,18.3608,1.86121,1,0
ac_sine,5,true,1e-06,16.9751,0.365813,1,0
ac_sine,5,true,1e-08,16.9506,0.230048,1,0
ac_sine,0.1,0.5,0.0001,0.323559,0.343004,0,0
ac_sine,0.1,0.5,1e-06,0.400507,0.384732,0,0
ac_sine,0.1,0.5,1e-08,0.424321,0.412444,0,0
ac_sine,0.1,true,0.0001,1.9009,1.83835,0,0
ac_sine,0.1,true,1e-06,0.331319,0.348755,0,0
ac_sine,0.1,true,1e-08,0.24857,0.20478,0,0
first_order,5,0.5,0.0001,0.704655,0.751193,0,0
first_order,5,0.5,1e-06,1.29556,1.32493,0,0
first_order,5,0.5,1e-08,1.30395,1.3329,0,0
first_order,5,true,0.0001,70.7454,34.8138,7,0
first_order,5,true,1e-06,45.7773,24.3852,4,0
first_order,5,true,1e-08,45.6864,27.2172,4,0
first_order,0.1,0.5,0.0001,11.9439,11.9682,8,0
first_order,0.1,0.5,1e-06,7.85263,7.85227,0,0
first_order,0.1,0.5,1e-08,8.36666,8.3606,0,0
first_order,0.1,true,0.0001,7.22186,6.82807,2,0
first_order,0.1,true,1e-06,0.304178,0.268136,0,0
first_order,0.1,true,1e-08,0.373103,0.393736,0,0
ca_traj,5,0.5,0.0001,4.68099,3.18202,1,0
ca_traj,5,0.5,1e-06,2.84781,2.09433,0,0
ca_traj,5,0.5,1e-08,2.25922,1.58951,0,0
ca_traj,5,true,0.0001,5.5692,3.98845,2,0
ca_traj,5,true,1e-06,3.09787,2.01376,0,0
ca_traj,5,true,1e-08,2.26642,1.61362,0,0
ca_traj,0.1,0.5,0.0001,26.9092,26.9835,8,0
ca_traj,0.1,0.5,1e-06,5.06298,5.09598,0,0
ca_traj,0.1,0.5,1e-08,2.37732,2.41321,0,0
ca_traj,0.1,true,0.0001,23.7004,23.6392,8,0
ca_traj,0.1,true,1e-06,3.57494,3.7779,0,0
ca_traj,0.1,true,1e-08,2.1591,1.89329,0,0
