plant,estimator,metric,mean,std,median,diverged
damped_osc,block filter (inherited tuning),perr_pct,9.87622,9.40057,5.87784,0
damped_osc,block filter (static tuning),perr_pct,0.618488,0.545313,0.37011,0
damped_osc,Legendre filter (inherited tuning),perr_pct,9.06367,10.5902,3.61928,0
damped_osc,Legendre filter (static tuning),perr_pct,0.599086,0.521291,0.339877,0
damped_osc,EKF (params-as-state),perr_pct,1.07433,0.607462,0.772207,0
damped_osc,RLS (AR predictor),perr_pct,,,,0
damped_osc,sliding-window curve_fit,perr_pct,44.1572,12.9514,44.8507,0
ac_sine,block filter (inherited tuning),perr_pct,1.49653,0.712903,1.37017,0
ac_sine,block filter (static tuning),perr_pct,0.391023,0.166833,0.37318,0
ac_sine,Legendre filter (inherited tuning),perr_pct,1.19698,0.886146,0.944179,0
ac_sine,Legendre filter (static tuning),perr_pct,0.384119,0.174976,0.381197,0
ac_sine,EKF (params-as-state),perr_pct,0.331663,0.15161,0.349112,0
ac_sine,RLS (AR predictor),perr_pct,,,,0
ac_sine,sliding-window curve_fit,perr_pct,1.68745,1.12134,1.2265,0
first_order,block filter (inherited tuning),perr_pct,17.1595,9.53328,16.8848,0
first_order,block filter (static tuning),perr_pct,0.643849,0.7654,0.258308,0
first_order,Legendre filter (inherited tuning),perr_pct,17.252,8.87796,17.9063,0
first_order,Legendre filter (static tuning),perr_pct,0.546175,0.77037,0.207975,0
first_order,EKF (params-as-state),perr_pct,0.704655,0.184015,0.751193,0
first_order,RLS (AR predictor),perr_pct,,,,0
first_order,sliding-window curve_fit,perr_pct,37.0423,16.2773,46.6222,0
ca_traj,block filter (inherited tuning),perr_pct,24.624,12.3045,25.5482,0
ca_traj,block filter (static tuning),perr_pct,3.15889,1.99061,2.60853,0
ca_traj,Legendre filter (inherited tuning),perr_pct,22.0955,10.7284,20.3222,0
ca_traj,Legendre filter (static tuning),perr_pct,3.15773,1.99747,2.60797,0
ca_traj,EKF (params-as-state),perr_pct,4.68099,3.66899,3.18202,0
ca_traj,RLS (AR predictor),perr_pct,,,,0
ca_traj,sliding-window curve_fit,perr_pct,410.526,51.3245,409.858,0
damped_osc (matched model),EKF,rmse_vs_clean,0.00704318,0.000682141,0.00696532,0
damped_osc (as first_order),EKF,rmse_vs_clean,0.201649,0.00263695,0.200967,4
first_order (matched model),EKF,rmse_vs_clean,0.0278618,0.00160263,0.02786,0
first_order (as ac_sine),EKF,rmse_vs_clean,0.104045,0.00238098,0.104568,0
ca_traj (matched model),EKF,rmse_vs_clean,0.147454,0.00704295,0.14756,0
ca_traj (as first_order),EKF,rmse_vs_clean,236.574,623.648,0.322281,0
