law,noise,median_err_good_pct,median_err_poor_pct,median_err_seed_pct,fail_rate_good,fail_rate_poor,fail_rate_seed,median_time_good_ms,median_time_poor_ms,iqr_time_poor_ms,median_time_seed_ms,iqr_time_seed_ms
damped_oscillator,0.02,0.270147,0.270147,0.270147,0,0,0,196.183,193.387,2.72428,94.4655,1.36732
damped_oscillator,0.05,0.678974,0.678974,0.678974,0,0,0,196.156,195.274,27.1065,94.7087,7.3001
damped_oscillator,0.1,1.36037,1.36037,1.36032,0,0,0,197.029,216.421,80.1593,116.806,22.3441
logistic,0.02,0.013927,0.013927,0.0139271,0,0,0,30.7665,47.7823,0.701555,18.0581,2.38221
logistic,0.05,0.0348002,0.0348004,0.0348003,0,0,0,30.6001,47.8394,1.41075,19.7235,5.80073
logistic,0.1,0.069543,0.0695437,0.0695434,0,0,0,30.6334,47.7239,1.4601,23.5233,4.97748
michaelis_menten,0.02,2.95554,,2.95554,0,1,0,39.7985,32.456,23.1951,26.5873,1.0852
michaelis_menten,0.05,7.43307,,7.43312,0,1,0,40.2365,28.0125,8.65905,28.5268,7.04498
michaelis_menten,0.1,14.4853,63.1321,14.4803,0,0.966667,0,41.4436,28.0297,6.32052,34.5409,8.7564
