metric,value
strength,0.10258323682059675
fisher_g_crit,0.14587062398027595
aic_line,882.6080472139201
aic_step,853.7336155217182
aic_diff_line_minus_step,28.874431692201938
period_after_line,19.668366381658224
period_after_step,4.204537430462528
regime_before_gate,trend+cycle
ratio_before_gate,1.543539911001168
regime_after_gate,trend
ratio_after_gate,0.9149787272496283
hurst_train_dtfit_spectral,0.8385381416661305
hurst_train_dtfit_aggvar,0.8094112268697883
hurst_train_rs,0.8162824012503298
hurst_train_dfa,0.8773267147371627
hurst_full_dtfit_spectral,0.8669019668118703
hurst_full_dtfit_aggvar,0.7964458528687826
hurst_full_rs,0.8017137950037865
hurst_full_dfa,0.6100860900394617
